Workbook

Sheet Summing.bothpivots
B1: pan | C1: vac | D1: sum | E1: pan | F1: vac | G1: sum | H1: pan | I1: vac | J1: sum | K1: pan | L1: vac | M1: sum | N1: pan | O1: vac | P1: sum | Q1: pan | R1: vac | S1: sum | T1: pan | U1: vac | V1: sum | W1: pan | X1: vac | Y1: sum | Z1: pan | AA1: vac | AB1: sum | AC1: pan | AD1: vac | AE1: sum | AF1: pan | AG1: vac | AH1: sum | AI1: pan | AJ1: vac | AK1: sum | AL1: pan | AM1: vac | AN1: sum | AO1: pan | AP1: vac | AQ1: sum | AR1: pan | AS1: vac | AT1: sum | AU1: pan | AV1: vac | AW1: sum | AX1: pan | AY1: vac | AZ1: sum | BA1: pan | BB1: vac | BC1: sum | BD1: pan | BE1: vac | BF1: sum | BG1: pan | BH1: vac | BI1: sum | BJ1: pan | BK1: vac | BL1: sum | BM1: pan | BN1: vac | BO1: sum | BP1: pan | BQ1: vac | BR1: sum | BS1: pan | BT1: vac | BU1: sum | BV1: pan | BW1: vac | BX1: sum | BY1: pan | BZ1: vac | CA1: sum | CB1: pan | CC1: vac | CD1: sum | CE1: pan | CF1: vac | CG1: sum | CH1: pan | CI1: vac | CJ1: sum | CK1: pan | CL1: vac | CM1: sum | CN1: pan | CO1: vac | CP1: sum | CQ1: pan | CR1: vac | CS1: sum
A2: Row Labels | D2: BU1 | G2: BU4 | J2: BU6 | M2: BU8 | P2: CE1 | S2: CE4 | V2: CE6 | Y2: CE8 | AB2: DS1 | AE2: DS4 | AH2: DS6 | AK2: DS8 | AN2: FA1 | AQ2: FA4 | AT2: FA6 | AW2: FA8 | AZ2: GL1 | BC2: GL4 | BF2: GL6 | BI2: GL8 | BL2: HO1 | BO2: HO4 | BR2: HO6 | BU2: HO8 | BX2: SV1 | CA2: SV4 | CD2: SV6 | CG2: SV8 | CJ2: TR1 | CM2: TR4 | CP2: TR6 | CS2: TR8
A3: Agapostemon.sericeus | B3: =_xlfn.XLOOKUP(A3,PanPivot!A:A,PanPivot!B:B) -> 0 | C3: =_xlfn.XLOOKUP(A3,VacPivot!A:A,VacPivot!B:B) -> 0 | D3: {=SUM(IFERROR(B3:C3,0))} -> 0 | E3: =_xlfn.XLOOKUP(A3,PanPivot!A:A,PanPivot!C:C) -> 0 | F3: =_xlfn.XLOOKUP(A3,VacPivot!A:A,VacPivot!D:D) -> 0 | G3: {=SUM(IFERROR(E3:F3,0))} -> 0 | H3: =_xlfn.XLOOKUP(A3,PanPivot!A:A,PanPivot!D:D) -> 0 | I3: =_xlfn.XLOOKUP(A3,VacPivot!A:A,VacPivot!E:E) -> 0 | J3: {=SUM(IFERROR(H3:I3,0))} -> 0 | K3: =_xlfn.XLOOKUP(A3,PanPivot!A:A,PanPivot!E:E) -> 0 | L3: =_xlfn.XLOOKUP(Summing.bothpivots!A3,VacPivot!A:A,VacPivot!F:F) -> 0 | M3: {=SUM(IFERROR(K3:L3,0))} -> 0 | N3: =_xlfn.XLOOKUP(A3,PanPivot!A:A,PanPivot!F:F) -> 1 | O3: =_xlfn.XLOOKUP(A3,VacPivot!A:A,VacPivot!AO:AO) -> 0 | P3: {=SUM(IFERROR(N3:O3,0))} -> 1 | Q3: =_xlfn.XLOOKUP(A3,PanPivot!A:A,PanPivot!G:G) -> 0 | R3: =_xlfn.XLOOKUP(A3,VacPivot!A:A,VacPivot!H:H) -> 0 | S3: {=SUM(IFERROR(Q3:R3,0))} -> 0 | T3: =_xlfn.XLOOKUP(A3,PanPivot!A:A,PanPivot!H:H) -> 0 | U3: =_xlfn.XLOOKUP(A3,VacPivot!A:A,VacPivot!I:I) -> 1 | V3: {=SUM(IFERROR(T3:U3,0))} -> 1 | W3: =_xlfn.XLOOKUP(A3,PanPivot!A:A,PanPivot!I:I) -> 0 | X3: =_xlfn.XLOOKUP(A3,VacPivot!A:A,VacPivot!J:J) -> 0 | Y3: {=SUM(IFERROR(W3:X3,0))} -> 0 | Z3: =_xlfn.XLOOKUP(A3,PanPivot!A:A,PanPivot!J:J) -> 0 | AA3: =_xlfn.XLOOKUP(A3,VacPivot!A:A,VacPivot!K:K) -> 0 | AB3: {=SUM(IFERROR(Z3:AA3,0))} -> 0 | AC3: =_xlfn.XLOOKUP(A3,PanPivot!A:A,PanPivot!K:K) -> 0 | AD3: =_xlfn.XLOOKUP(A3,VacPivot!A:A,VacPivot!M:M) -> 0 | AE3: {=SUM(IFERROR(AC3:AD3,0))} -> 0 | AF3: =_xlfn.XLOOKUP(A3,PanPivot!A:A,PanPivot!L:L) -> 0 | AG3: =_xlfn.XLOOKUP(A3,VacPivot!A:A,VacPivot!N:N) -> 0 | AH3: {=SUM(IFERROR(AF3:AG3,0))} -> 0 | AI3: =_xlfn.XLOOKUP(A3,PanPivot!A:A,PanPivot!M:M) -> 0 | AJ3: =_xlfn.XLOOKUP(A3,VacPivot!A:A,VacPivot!O:O) -> 0 | AK3: {=SUM(IFERROR(AI3:AJ3,0))} -> 0 | AL3: =_xlfn.XLOOKUP(A3,PanPivot!A:A,PanPivot!N:N) -> 0 | AM3: =_xlfn.XLOOKUP(A3,VacPivot!A:A,VacPivot!P:P) -> 0 | AN3: {=SUM(IFERROR(AL3:AM3,0))} -> 0 | AO3: =_xlfn.XLOOKUP(A3,PanPivot!A:A,PanPivot!O:O) -> 0 | AP3: =_xlfn.XLOOKUP(A3,VacPivot!A:A,VacPivot!R:R) -> 0 | AQ3: {=SUM(IFERROR(AO3:AP3,0))} -> 0 | AR3: =_xlfn.XLOOKUP(A3,PanPivot!A:A,PanPivot!P:P) -> 0 | AS3: =_xlfn.XLOOKUP(A3,VacPivot!A:A,VacPivot!S:S) -> 2 | AT3: {=SUM(IFERROR(AR3:AS3,0))} -> 2 | AU3: =_xlfn.XLOOKUP(A3,PanPivot!A:A,PanPivot!Q:Q) -> 0 | AV3: =_xlfn.XLOOKUP(A3,VacPivot!A:A,VacPivot!T:T) -> 2 | AW3: {=SUM(IFERROR(AU3:AV3,0))} -> 2 | AX3: =_xlfn.XLOOKUP(A3,PanPivot!A:A,PanPivot!R:R) -> 0 | AY3: =_xlfn.XLOOKUP(A3,VacPivot!A:A,VacPivot!U:U) -> 0 | AZ3: {=SUM(IFERROR(AX3:AY3,0))} -> 0 | BA3: =_xlfn.XLOOKUP(A3,PanPivot!A:A,PanPivot!S:S) -> 2 | BB3: =_xlfn.XLOOKUP(A3,VacPivot!A:A,VacPivot!W:W) -> 3 | BC3: {=SUM(IFERROR(BA3:BB3,0))} -> 5 | BD3: =_xlfn.XLOOKUP(A3,PanPivot!A:A,PanPivot!T:T) -> 1 | BE3: =_xlfn.XLOOKUP(A3,VacPivot!A:A,VacPivot!X:X) -> 0 | BF3: {=SUM(IFERROR(BD3:BE3,0))} -> 1 | BG3: =_xlfn.XLOOKUP(A3,PanPivot!A:A,PanPivot!U:U) -> 0 | BH3: =_xlfn.XLOOKUP(Summing.bothpivots!A3,VacPivot!A:A,VacPivot!Y:Y) -> 0 | BI3: {=SUM(IFERROR(BG3:BH3,0))} -> 0 | BJ3: =_xlfn.XLOOKUP(A3,PanPivot!A:A,PanPivot!V:V) -> 0 | BK3: =_xlfn.XLOOKUP(A3,VacPivot!A:A,VacPivot!Z:Z) -> 0 | BL3: {=SUM(IFERROR(BJ3:BK3,0))} -> 0 | BM3: =_xlfn.XLOOKUP(A3,PanPivot!A:A,PanPivot!W:W) -> 2 | BN3: =_xlfn.XLOOKUP(A3,VacPivot!A:A,VacPivot!AB:AB) -> 0 | BO3: {=SUM(IFERROR(BM3:BN3,0))} -> 2 | BP3: =_xlfn.XLOOKUP(A3,PanPivot!A:A,PanPivot!X:X) -> 0 | BQ3: =_xlfn.XLOOKUP(A3,VacPivot!A:A,VacPivot!AC:AC) -> 0 | BR3: {=SUM(IFERROR(BP3:BQ3,0))} -> 0 | BS3: =_xlfn.XLOOKUP(Summing.bothpivots!A3,PanPivot!A:A,PanPivot!Y:Y) -> 0 | BT3: =_xlfn.XLOOKUP(A3,VacPivot!A:A,VacPivot!AD:AD) -> 0 | BU3: {=SUM(IFERROR(BS3:BT3,0))} -> 0 | BV3: =_xlfn.XLOOKUP(A3,PanPivot!A:A,PanPivot!Z:Z) -> 0 | BW3: =_xlfn.XLOOKUP(A3,VacPivot!A:A,VacPivot!AE:AE) -> 1 | BX3: {=SUM(IFERROR(BV3:BW3,0))} -> 1 | BY3: =_xlfn.XLOOKUP(A3,PanPivot!A:A,PanPivot!AA:AA) -> 0 | BZ3: =_xlfn.XLOOKUP(A3,VacPivot!A:A,VacPivot!AG:AG) -> 0 | CA3: {=SUM(IFERROR(BY3:BZ3,0))} -> 0 | CB3: =_xlfn.XLOOKUP(A3,PanPivot!A:A,PanPivot!AB:AB) -> 0 | CC3: =_xlfn.XLOOKUP(A3,VacPivot!A:A,VacPivot!AH:AH) -> 0 | CD3: {=SUM(IFERROR(CB3:CC3,0))} -> 0 | CE3: =_xlfn.XLOOKUP(A3,PanPivot!A:A,PanPivot!AC:AC) -> 0 | CF3: =_xlfn.XLOOKUP(A3,VacPivot!A:A,VacPivot!AI:AI) -> 0 | CG3: {=SUM(IFERROR(CE3:CF3,0))} -> 0 | CH3: =_xlfn.XLOOKUP(A3,PanPivot!A:A,PanPivot!AD:AD) -> 0 | CI3: =_xlfn.XLOOKUP(A3,VacPivot!A:A,VacPivot!AJ:AJ) -> 0 | CJ3: {=SUM(IFERROR(CH3:CI3,0))} -> 0 | CK3: =_xlfn.XLOOKUP(A3,PanPivot!A:A,PanPivot!AE:AE) -> 0 | CL3: =_xlfn.XLOOKUP(A3,VacPivot!A:A,VacPivot!AL:AL) -> 0 | CM3: {=SUM(IFERROR(CK3:CL3,0))} -> 0 | CN3: =_xlfn.XLOOKUP(A3,PanPivot!A:A,PanPivot!AF:AF) -> 0 | CO3: =_xlfn.XLOOKUP(A3,VacPivot!A:A,VacPivot!AM:AM) -> 0 | CP3: {=SUM(IFERROR(CN3:CO3,0))} -> 0 | CQ3: =_xlfn.XLOOKUP(A3,PanPivot!A:A,PanPivot!AG:AG) -> 0 | CR3: =_xlfn.XLOOKUP(A3,VacPivot!A:A,VacPivot!AN:AN) -> 0 | CS3: {=SUM(IFERROR(CQ3:CR3,0))} -> 0
A4: Agapostemon.texanus | B4: =_xlfn.XLOOKUP(A4,PanPivot!A:A,PanPivot!B:B) -> 0 | C4: =_xlfn.XLOOKUP(A4,VacPivot!A:A,VacPivot!B:B) -> 0 | D4: {=SUM(IFERROR(B4:C4,0))} -> 0 | E4: =_xlfn.XLOOKUP(A4,PanPivot!A:A,PanPivot!C:C) -> 0 | F4: =_xlfn.XLOOKUP(A4,VacPivot!A:A,VacPivot!D:D) -> 0 | G4: {=SUM(IFERROR(E4:F4,0))} -> 0 | H4: =_xlfn.XLOOKUP(A4,PanPivot!A:A,PanPivot!D:D) -> 0 | I4: =_xlfn.XLOOKUP(A4,VacPivot!A:A,VacPivot!E:E) -> 0 | J4: {=SUM(IFERROR(H4:I4,0))} -> 0 | K4: =_xlfn.XLOOKUP(A4,PanPivot!A:A,PanPivot!E:E) -> 0 | L4: =_xlfn.XLOOKUP(Summing.bothpivots!A4,VacPivot!A:A,VacPivot!F:F) -> 0 | M4: {=SUM(IFERROR(K4:L4,0))} -> 0 | N4: =_xlfn.XLOOKUP(A4,PanPivot!A:A,PanPivot!F:F) -> 0 | O4: =_xlfn.XLOOKUP(A4,VacPivot!A:A,VacPivot!AO:AO) -> 0 | P4: {=SUM(IFERROR(N4:O4,0))} -> 0 | Q4: =_xlfn.XLOOKUP(A4,PanPivot!A:A,PanPivot!G:G) -> 6 | R4: =_xlfn.XLOOKUP(A4,VacPivot!A:A,VacPivot!H:H) -> 0 | S4: {=SUM(IFERROR(Q4:R4,0))} -> 6 | T4: =_xlfn.XLOOKUP(A4,PanPivot!A:A,PanPivot!H:H) -> 2 | U4: =_xlfn.XLOOKUP(A4,VacPivot!A:A,VacPivot!I:I) -> 4 | V4: {=SUM(IFERROR(T4:U4,0))} -> 6 | W4: =_xlfn.XLOOKUP(A4,PanPivot!A:A,PanPivot!I:I) -> 0 | X4: =_xlfn.XLOOKUP(A4,VacPivot!A:A,VacPivot!J:J) -> 1 | Y4: {=SUM(IFERROR(W4:X4,0))} -> 1 | Z4: =_xlfn.XLOOKUP(A4,PanPivot!A:A,PanPivot!J:J) -> 0 | AA4: =_xlfn.XLOOKUP(A4,VacPivot!A:A,VacPivot!K:K) -> 0 | AB4: {=SUM(IFERROR(Z4:AA4,0))} -> 0 | AC4: =_xlfn.XLOOKUP(A4,PanPivot!A:A,PanPivot!K:K) -> 0 | AD4: =_xlfn.XLOOKUP(A4,VacPivot!A:A,VacPivot!M:M) -> 0 | AE4: {=SUM(IFERROR(AC4:AD4,0))} -> 0 | AF4: =_xlfn.XLOOKUP(A4,PanPivot!A:A,PanPivot!L:L) -> 0 | AG4: =_xlfn.XLOOKUP(A4,VacPivot!A:A,VacPivot!N:N) -> 0 | AH4: {=SUM(IFERROR(AF4:AG4,0))} -> 0 | AI4: =_xlfn.XLOOKUP(A4,PanPivot!A:A,PanPivot!M:M) -> 0 | AJ4: =_xlfn.XLOOKUP(A4,VacPivot!A:A,VacPivot!O:O) -> 0 | AK4: {=SUM(IFERROR(AI4:AJ4,0))} -> 0 | AL4: =_xlfn.XLOOKUP(A4,PanPivot!A:A,PanPivot!N:N) -> 0 | AM4: =_xlfn.XLOOKUP(A4,VacPivot!A:A,VacPivot!P:P) -> 0 | AN4: {=SUM(IFERROR(AL4:AM4,0))} -> 0 | AO4: =_xlfn.XLOOKUP(A4,PanPivot!A:A,PanPivot!O:O) -> 1 | AP4: =_xlfn.XLOOKUP(A4,VacPivot!A:A,VacPivot!R:R) -> 0 | AQ4: {=SUM(IFERROR(AO4:AP4,0))} -> 1 | AR4: =_xlfn.XLOOKUP(A4,PanPivot!A:A,PanPivot!P:P) -> 0 | AS4: =_xlfn.XLOOKUP(A4,VacPivot!A:A,VacPivot!S:S) -> 1 | AT4: {=SUM(IFERROR(AR4:AS4,0))} -> 1 | AU4: =_xlfn.XLOOKUP(A4,PanPivot!A:A,PanPivot!Q:Q) -> 0 | AV4: =_xlfn.XLOOKUP(A4,VacPivot!A:A,VacPivot!T:T) -> 1 | AW4: {=SUM(IFERROR(AU4:AV4,0))} -> 1 | AX4: =_xlfn.XLOOKUP(A4,PanPivot!A:A,PanPivot!R:R) -> 0 | AY4: =_xlfn.XLOOKUP(A4,VacPivot!A:A,VacPivot!U:U) -> 0 | AZ4: {=SUM(IFERROR(AX4:AY4,0))} -> 0 | BA4: =_xlfn.XLOOKUP(A4,PanPivot!A:A,PanPivot!S:S) -> 0 | BB4: =_xlfn.XLOOKUP(A4,VacPivot!A:A,VacPivot!W:W) -> 1 | BC4: {=SUM(IFERROR(BA4:BB4,0))} -> 1 | BD4: =_xlfn.XLOOKUP(A4,PanPivot!A:A,PanPivot!T:T) -> 0 | BE4: =_xlfn.XLOOKUP(A4,VacPivot!A:A,VacPivot!X:X) -> 1 | BF4: {=SUM(IFERROR(BD4:BE4,0))} -> 1 | BG4: =_xlfn.XLOOKUP(A4,PanPivot!A:A,PanPivot!U:U) -> 1 | BH4: =_xlfn.XLOOKUP(Summing.bothpivots!A4,VacPivot!A:A,VacPivot!Y:Y) -> 1 | BI4: {=SUM(IFERROR(BG4:BH4,0))} -> 2 | BJ4: =_xlfn.XLOOKUP(A4,PanPivot!A:A,PanPivot!V:V) -> 0 | BK4: =_xlfn.XLOOKUP(A4,VacPivot!A:A,VacPivot!Z:Z) -> 1 | BL4: {=SUM(IFERROR(BJ4:BK4,0))} -> 1 | BM4: =_xlfn.XLOOKUP(A4,PanPivot!A:A,PanPivot!W:W) -> 0 | BN4: =_xlfn.XLOOKUP(A4,VacPivot!A:A,VacPivot!AB:AB) -> 0 | BO4: {=SUM(IFERROR(BM4:BN4,0))} -> 0 | BP4: =_xlfn.XLOOKUP(A4,PanPivot!A:A,PanPivot!X:X) -> 2 | BQ4: =_xlfn.XLOOKUP(A4,VacPivot!A:A,VacPivot!AC:AC) -> 0 | BR4: {=SUM(IFERROR(BP4:BQ4,0))} -> 2 | BS4: =_xlfn.XLOOKUP(Summing.bothpivots!A4,PanPivot!A:A,PanPivot!Y:Y) -> 0 | BT4: =_xlfn.XLOOKUP(A4,VacPivot!A:A,VacPivot!AD:AD) -> 1 | BU4: {=SUM(IFERROR(BS4:BT4,0))} -> 1 | BV4: =_xlfn.XLOOKUP(A4,PanPivot!A:A,PanPivot!Z:Z) -> 0 | BW4: =_xlfn.XLOOKUP(A4,VacPivot!A:A,VacPivot!AE:AE) -> 0 | BX4: {=SUM(IFERROR(BV4:BW4,0))} -> 0 | BY4: =_xlfn.XLOOKUP(A4,PanPivot!A:A,PanPivot!AA:AA) -> 0 | BZ4: =_xlfn.XLOOKUP(A4,VacPivot!A:A,VacPivot!AG:AG) -> 0 | CA4: {=SUM(IFERROR(BY4:BZ4,0))} -> 0 | CB4: =_xlfn.XLOOKUP(A4,PanPivot!A:A,PanPivot!AB:AB) -> 0 | CC4: =_xlfn.XLOOKUP(A4,VacPivot!A:A,VacPivot!AH:AH) -> 0 | CD4: {=SUM(IFERROR(CB4:CC4,0))} -> 0 | CE4: =_xlfn.XLOOKUP(A4,PanPivot!A:A,PanPivot!AC:AC) -> 0 | CF4: =_xlfn.XLOOKUP(A4,VacPivot!A:A,VacPivot!AI:AI) -> 1 | CG4: {=SUM(IFERROR(CE4:CF4,0))} -> 1 | CH4: =_xlfn.XLOOKUP(A4,PanPivot!A:A,PanPivot!AD:AD) -> 0 | CI4: =_xlfn.XLOOKUP(A4,VacPivot!A:A,VacPivot!AJ:AJ) -> 2 | CJ4: {=SUM(IFERROR(CH4:CI4,0))} -> 2 | CK4: =_xlfn.XLOOKUP(A4,PanPivot!A:A,PanPivot!AE:AE) -> 0 | CL4: =_xlfn.XLOOKUP(A4,VacPivot!A:A,VacPivot!AL:AL) -> 0 | CM4: {=SUM(IFERROR(CK4:CL4,0))} -> 0 | CN4: =_xlfn.XLOOKUP(A4,PanPivot!A:A,PanPivot!AF:AF) -> 0 | CO4: =_xlfn.XLOOKUP(A4,VacPivot!A:A,VacPivot!AM:AM) -> 1 | CP4: {=SUM(IFERROR(CN4:CO4,0))} -> 1 | CQ4: =_xlfn.XLOOKUP(A4,PanPivot!A:A,PanPivot!AG:AG) -> 0 | CR4: =_xlfn.XLOOKUP(A4,VacPivot!A:A,VacPivot!AN:AN) -> 0 | CS4: {=SUM(IFERROR(CQ4:CR4,0))} -> 0
A5: Agapostemon.virescens | B5: =_xlfn.XLOOKUP(A5,PanPivot!A:A,PanPivot!B:B) -> 0 | C5: =_xlfn.XLOOKUP(A5,VacPivot!A:A,VacPivot!B:B) -> 1 | D5: {=SUM(IFERROR(B5:C5,0))} -> 1 | E5: =_xlfn.XLOOKUP(A5,PanPivot!A:A,PanPivot!C:C) -> 0 | F5: =_xlfn.XLOOKUP(A5,VacPivot!A:A,VacPivot!D:D) -> 0 | G5: {=SUM(IFERROR(E5:F5,0))} -> 0 | H5: =_xlfn.XLOOKUP(A5,PanPivot!A:A,PanPivot!D:D) -> 0 | I5: =_xlfn.XLOOKUP(A5,VacPivot!A:A,VacPivot!E:E) -> 2 | J5: {=SUM(IFERROR(H5:I5,0))} -> 2 | K5: =_xlfn.XLOOKUP(A5,PanPivot!A:A,PanPivot!E:E) -> 0 | L5: =_xlfn.XLOOKUP(Summing.bothpivots!A5,VacPivot!A:A,VacPivot!F:F) -> 4 | M5: {=SUM(IFERROR(K5:L5,0))} -> 4 | N5: =_xlfn.XLOOKUP(A5,PanPivot!A:A,PanPivot!F:F) -> 3 | O5: =_xlfn.XLOOKUP(A5,VacPivot!A:A,VacPivot!AO:AO) -> 0 | P5: {=SUM(IFERROR(N5:O5,0))} -> 3 | Q5: =_xlfn.XLOOKUP(A5,PanPivot!A:A,PanPivot!G:G) -> 1 | R5: =_xlfn.XLOOKUP(A5,VacPivot!A:A,VacPivot!H:H) -> 16 | S5: {=SUM(IFERROR(Q5:R5,0))} -> 17 | T5: =_xlfn.XLOOKUP(A5,PanPivot!A:A,PanPivot!H:H) -> 2 | U5: =_xlfn.XLOOKUP(A5,VacPivot!A:A,VacPivot!I:I) -> 5 | V5: {=SUM(IFERROR(T5:U5,0))} -> 7 | W5: =_xlfn.XLOOKUP(A5,PanPivot!A:A,PanPivot!I:I) -> 0 | X5: =_xlfn.XLOOKUP(A5,VacPivot!A:A,VacPivot!J:J) -> 2 | Y5: {=SUM(IFERROR(W5:X5,0))} -> 2 | Z5: =_xlfn.XLOOKUP(A5,PanPivot!A:A,PanPivot!J:J) -> 0 | AA5: =_xlfn.XLOOKUP(A5,VacPivot!A:A,VacPivot!K:K) -> 0 | AB5: {=SUM(IFERROR(Z5:AA5,0))} -> 0 | AC5: =_xlfn.XLOOKUP(A5,PanPivot!A:A,PanPivot!K:K) -> 1 | AD5: =_xlfn.XLOOKUP(A5,VacPivot!A:A,VacPivot!M:M) -> 10 | AE5: {=SUM(IFERROR(AC5:AD5,0))} -> 11 | AF5: =_xlfn.XLOOKUP(A5,PanPivot!A:A,PanPivot!L:L) -> 0 | AG5: =_xlfn.XLOOKUP(A5,VacPivot!A:A,VacPivot!N:N) -> 0 | AH5: {=SUM(IFERROR(AF5:AG5,0))} -> 0 | AI5: =_xlfn.XLOOKUP(A5,PanPivot!A:A,PanPivot!M:M) -> 0 | AJ5: =_xlfn.XLOOKUP(A5,VacPivot!A:A,VacPivot!O:O) -> 1 | AK5: {=SUM(IFERROR(AI5:AJ5,0))} -> 1 | AL5: =_xlfn.XLOOKUP(A5,PanPivot!A:A,PanPivot!N:N) -> 0 | AM5: =_xlfn.XLOOKUP(A5,VacPivot!A:A,VacPivot!P:P) -> 1 | AN5: {=SUM(IFERROR(AL5:AM5,0))} -> 1 | AO5: =_xlfn.XLOOKUP(A5,PanPivot!A:A,PanPivot!O:O) -> 0 | AP5: =_xlfn.XLOOKUP(A5,VacPivot!A:A,VacPivot!R:R) -> 1 | AQ5: {=SUM(IFERROR(AO5:AP5,0))} -> 1 | AR5: =_xlfn.XLOOKUP(A5,PanPivot!A:A,PanPivot!P:P) -> 0 | AS5: =_xlfn.XLOOKUP(A5,VacPivot!A:A,VacPivot!S:S) -> 1 | AT5: {=SUM(IFERROR(AR5:AS5,0))} -> 1 | AU5: =_xlfn.XLOOKUP(A5,PanPivot!A:A,PanPivot!Q:Q) -> 0 | AV5: =_xlfn.XLOOKUP(A5,VacPivot!A:A,VacPivot!T:T) -> 2 | AW5: {=SUM(IFERROR(AU5:AV5,0))} -> 2 | AX5: =_xlfn.XLOOKUP(A5,PanPivot!A:A,PanPivot!R:R) -> 0 | AY5: =_xlfn.XLOOKUP(A5,VacPivot!A:A,VacPivot!U:U) -> 1 | AZ5: {=SUM(IFERROR(AX5:AY5,0))} -> 1 | BA5: =_xlfn.XLOOKUP(A5,PanPivot!A:A,PanPivot!S:S) -> 3 | BB5: =_xlfn.XLOOKUP(A5,VacPivot!A:A,VacPivot!W:W) -> 0 | BC5: {=SUM(IFERROR(BA5:BB5,0))} -> 3 | BD5: =_xlfn.XLOOKUP(A5,PanPivot!A:A,PanPivot!T:T) -> 0 | BE5: =_xlfn.XLOOKUP(A5,VacPivot!A:A,VacPivot!X:X) -> 0 | BF5: {=SUM(IFERROR(BD5:BE5,0))} -> 0 | BG5: =_xlfn.XLOOKUP(A5,PanPivot!A:A,PanPivot!U:U) -> 0 | BH5: =_xlfn.XLOOKUP(Summing.bothpivots!A5,VacPivot!A:A,VacPivot!Y:Y) -> 1 | BI5: {=SUM(IFERROR(BG5:BH5,0))} -> 1 | BJ5: =_xlfn.XLOOKUP(A5,PanPivot!A:A,PanPivot!V:V) -> 0 | BK5: =_xlfn.XLOOKUP(A5,VacPivot!A:A,VacPivot!Z:Z) -> 5 | BL5: {=SUM(IFERROR(BJ5:BK5,0))} -> 5 | BM5: =_xlfn.XLOOKUP(A5,PanPivot!A:A,PanPivot!W:W) -> 0 | BN5: =_xlfn.XLOOKUP(A5,VacPivot!A:A,VacPivot!AB:AB) -> 6 | BO5: {=SUM(IFERROR(BM5:BN5,0))} -> 6 | BP5: =_xlfn.XLOOKUP(A5,PanPivot!A:A,PanPivot!X:X) -> 1 | BQ5: =_xlfn.XLOOKUP(A5,VacPivot!A:A,VacPivot!AC:AC) -> 1 | BR5: {=SUM(IFERROR(BP5:BQ5,0))} -> 2 | BS5: =_xlfn.XLOOKUP(Summing.bothpivots!A5,PanPivot!A:A,PanPivot!Y:Y) -> 0 | BT5: =_xlfn.XLOOKUP(A5,VacPivot!A:A,VacPivot!AD:AD) -> 1 | BU5: {=SUM(IFERROR(BS5:BT5,0))} -> 1 | BV5: =_xlfn.XLOOKUP(A5,PanPivot!A:A,PanPivot!Z:Z) -> 0 | BW5: =_xlfn.XLOOKUP(A5,VacPivot!A:A,VacPivot!AE:AE) -> 6 | BX5: {=SUM(IFERROR(BV5:BW5,0))} -> 6 | BY5: =_xlfn.XLOOKUP(A5,PanPivot!A:A,PanPivot!AA:AA) -> 1 | BZ5: =_xlfn.XLOOKUP(A5,VacPivot!A:A,VacPivot!AG:AG) -> 0 | CA5: {=SUM(IFERROR(BY5:BZ5,0))} -> 1 | CB5: =_xlfn.XLOOKUP(A5,PanPivot!A:A,PanPivot!AB:AB) -> 0 | CC5: =_xlfn.XLOOKUP(A5,VacPivot!A:A,VacPivot!AH:AH) -> 0 | CD5: {=SUM(IFERROR(CB5:CC5,0))} -> 0 | CE5: =_xlfn.XLOOKUP(A5,PanPivot!A:A,PanPivot!AC:AC) -> 0 | CF5: =_xlfn.XLOOKUP(A5,VacPivot!A:A,VacPivot!AI:AI) -> 1 | CG5: {=SUM(IFERROR(CE5:CF5,0))} -> 1 | CH5: =_xlfn.XLOOKUP(A5,PanPivot!A:A,PanPivot!AD:AD) -> 2 | CI5: =_xlfn.XLOOKUP(A5,VacPivot!A:A,VacPivot!AJ:AJ) -> 10 | CJ5: {=SUM(IFERROR(CH5:CI5,0))} -> 12 | CK5: =_xlfn.XLOOKUP(A5,PanPivot!A:A,PanPivot!AE:AE) -> 0 | CL5: =_xlfn.XLOOKUP(A5,VacPivot!A:A,VacPivot!AL:AL) -> 0 | CM5: {=SUM(IFERROR(CK5:CL5,0))} -> 0 | CN5: =_xlfn.XLOOKUP(A5,PanPivot!A:A,PanPivot!AF:AF) -> 1 | CO5: =_xlfn.XLOOKUP(A5,VacPivot!A:A,VacPivot!AM:AM) -> 0 | CP5: {=SUM(IFERROR(CN5:CO5,0))} -> 1 | CQ5: =_xlfn.XLOOKUP(A5,PanPivot!A:A,PanPivot!AG:AG) -> 0 | CR5: =_xlfn.XLOOKUP(A5,VacPivot!A:A,VacPivot!AN:AN) -> 2 | CS5: {=SUM(IFERROR(CQ5:CR5,0))} -> 2
A6: Andrena.alleghaniensis | B6: =_xlfn.XLOOKUP(A6,PanPivot!A:A,PanPivot!B:B) -> 0 | C6: =_xlfn.XLOOKUP(A6,VacPivot!A:A,VacPivot!B:B) -> 0 | D6: {=SUM(IFERROR(B6:C6,0))} -> 0 | E6: =_xlfn.XLOOKUP(A6,PanPivot!A:A,PanPivot!C:C) -> 0 | F6: =_xlfn.XLOOKUP(A6,VacPivot!A:A,VacPivot!D:D) -> 0 | G6: {=SUM(IFERROR(E6:F6,0))} -> 0 | H6: =_xlfn.XLOOKUP(A6,PanPivot!A:A,PanPivot!D:D) -> 0 | I6: =_xlfn.XLOOKUP(A6,VacPivot!A:A,VacPivot!E:E) -> 0 | J6: {=SUM(IFERROR(H6:I6,0))} -> 0 | K6: =_xlfn.XLOOKUP(A6,PanPivot!A:A,PanPivot!E:E) -> 0 | L6: =_xlfn.XLOOKUP(Summing.bothpivots!A6,VacPivot!A:A,VacPivot!F:F) -> 0 | M6: {=SUM(IFERROR(K6:L6,0))} -> 0 | N6: =_xlfn.XLOOKUP(A6,PanPivot!A:A,PanPivot!F:F) -> 1 | O6: =_xlfn.XLOOKUP(A6,VacPivot!A:A,VacPivot!AO:AO) -> 0 | P6: {=SUM(IFERROR(N6:O6,0))} -> 1 | Q6: =_xlfn.XLOOKUP(A6,PanPivot!A:A,PanPivot!G:G) -> 0 | R6: =_xlfn.XLOOKUP(A6,VacPivot!A:A,VacPivot!H:H) -> 0 | S6: {=SUM(IFERROR(Q6:R6,0))} -> 0 | T6: =_xlfn.XLOOKUP(A6,PanPivot!A:A,PanPivot!H:H) -> 0 | U6: =_xlfn.XLOOKUP(A6,VacPivot!A:A,VacPivot!I:I) -> 0 | V6: {=SUM(IFERROR(T6:U6,0))} -> 0 | W6: =_xlfn.XLOOKUP(A6,PanPivot!A:A,PanPivot!I:I) -> 0 | X6: =_xlfn.XLOOKUP(A6,VacPivot!A:A,VacPivot!J:J) -> 0 | Y6: {=SUM(IFERROR(W6:X6,0))} -> 0 | Z6: =_xlfn.XLOOKUP(A6,PanPivot!A:A,PanPivot!J:J) -> 0 | AA6: =_xlfn.XLOOKUP(A6,VacPivot!A:A,VacPivot!K:K) -> 0 | AB6: {=SUM(IFERROR(Z6:AA6,0))} -> 0 | AC6: =_xlfn.XLOOKUP(A6,PanPivot!A:A,PanPivot!K:K) -> 0 | AD6: =_xlfn.XLOOKUP(A6,VacPivot!A:A,VacPivot!M:M) -> 0 | AE6: {=SUM(IFERROR(AC6:AD6,0))} -> 0 | AF6: =_xlfn.XLOOKUP(A6,PanPivot!A:A,PanPivot!L:L) -> 0 | AG6: =_xlfn.XLOOKUP(A6,VacPivot!A:A,VacPivot!N:N) -> 0 | AH6: {=SUM(IFERROR(AF6:AG6,0))} -> 0 | AI6: =_xlfn.XLOOKUP(A6,PanPivot!A:A,PanPivot!M:M) -> 0 | AJ6: =_xlfn.XLOOKUP(A6,VacPivot!A:A,VacPivot!O:O) -> 0 | AK6: {=SUM(IFERROR(AI6:AJ6,0))} -> 0 | AL6: =_xlfn.XLOOKUP(A6,PanPivot!A:A,PanPivot!N:N) -> 0 | AM6: =_xlfn.XLOOKUP(A6,VacPivot!A:A,VacPivot!P:P) -> 0 | AN6: {=SUM(IFERROR(AL6:AM6,0))} -> 0 | AO6: =_xlfn.XLOOKUP(A6,PanPivot!A:A,PanPivot!O:O) -> 0 | AP6: =_xlfn.XLOOKUP(A6,VacPivot!A:A,VacPivot!R:R) -> 0 | AQ6: {=SUM(IFERROR(AO6:AP6,0))} -> 0 | AR6: =_xlfn.XLOOKUP(A6,PanPivot!A:A,PanPivot!P:P) -> 0 | AS6: =_xlfn.XLOOKUP(A6,VacPivot!A:A,VacPivot!S:S) -> 0 | AT6: {=SUM(IFERROR(AR6:AS6,0))} -> 0 | AU6: =_xlfn.XLOOKUP(A6,PanPivot!A:A,PanPivot!Q:Q) -> 0 | AV6: =_xlfn.XLOOKUP(A6,VacPivot!A:A,VacPivot!T:T) -> 0 | AW6: {=SUM(IFERROR(AU6:AV6,0))} -> 0 | AX6: =_xlfn.XLOOKUP(A6,PanPivot!A:A,PanPivot!R:R) -> 2 | AY6: =_xlfn.XLOOKUP(A6,VacPivot!A:A,VacPivot!U:U) -> 0 | AZ6: {=SUM(IFERROR(AX6:AY6,0))} -> 2 | BA6: =_xlfn.XLOOKUP(A6,PanPivot!A:A,PanPivot!S:S) -> 0 | BB6: =_xlfn.XLOOKUP(A6,VacPivot!A:A,VacPivot!W:W) -> 1 | BC6: {=SUM(IFERROR(BA6:BB6,0))} -> 1 | BD6: =_xlfn.XLOOKUP(A6,PanPivot!A:A,PanPivot!T:T) -> 0 | BE6: =_xlfn.XLOOKUP(A6,VacPivot!A:A,VacPivot!X:X) -> 0 | BF6: {=SUM(IFERROR(BD6:BE6,0))} -> 0 | BG6: =_xlfn.XLOOKUP(A6,PanPivot!A:A,PanPivot!U:U) -> 0 | BH6: =_xlfn.XLOOKUP(Summing.bothpivots!A6,VacPivot!A:A,VacPivot!Y:Y) -> 0 | BI6: {=SUM(IFERROR(BG6:BH6,0))} -> 0 | BJ6: =_xlfn.XLOOKUP(A6,PanPivot!A:A,PanPivot!V:V) -> 0 | BK6: =_xlfn.XLOOKUP(A6,VacPivot!A:A,VacPivot!Z:Z) -> 0 | BL6: {=SUM(IFERROR(BJ6:BK6,0))} -> 0 | BM6: =_xlfn.XLOOKUP(A6,PanPivot!A:A,PanPivot!W:W) -> 0 | BN6: =_xlfn.XLOOKUP(A6,VacPivot!A:A,VacPivot!AB:AB) -> 0 | BO6: {=SUM(IFERROR(BM6:BN6,0))} -> 0 | BP6: =_xlfn.XLOOKUP(A6,PanPivot!A:A,PanPivot!X:X) -> 0 | BQ6: =_xlfn.XLOOKUP(A6,VacPivot!A:A,VacPivot!AC:AC) -> 0 | BR6: {=SUM(IFERROR(BP6:BQ6,0))} -> 0 | BS6: =_xlfn.XLOOKUP(Summing.bothpivots!A6,PanPivot!A:A,PanPivot!Y:Y) -> 1 | BT6: =_xlfn.XLOOKUP(A6,VacPivot!A:A,VacPivot!AD:AD) -> 0 | BU6: {=SUM(IFERROR(BS6:BT6,0))} -> 1 | BV6: =_xlfn.XLOOKUP(A6,PanPivot!A:A,PanPivot!Z:Z) -> 0 | BW6: =_xlfn.XLOOKUP(A6,VacPivot!A:A,VacPivot!AE:AE) -> 0 | BX6: {=SUM(IFERROR(BV6:BW6,0))} -> 0 | BY6: =_xlfn.XLOOKUP(A6,PanPivot!A:A,PanPivot!AA:AA) -> 0 | BZ6: =_xlfn.XLOOKUP(A6,VacPivot!A:A,VacPivot!AG:AG) -> 0 | CA6: {=SUM(IFERROR(BY6:BZ6,0))} -> 0 | CB6: =_xlfn.XLOOKUP(A6,PanPivot!A:A,PanPivot!AB:AB) -> 0 | CC6: =_xlfn.XLOOKUP(A6,VacPivot!A:A,VacPivot!AH:AH) -> 0 | CD6: {=SUM(IFERROR(CB6:CC6,0))} -> 0 | CE6: =_xlfn.XLOOKUP(A6,PanPivot!A:A,PanPivot!AC:AC) -> 0 | CF6: =_xlfn.XLOOKUP(A6,VacPivot!A:A,VacPivot!AI:AI) -> 0 | CG6: {=SUM(IFERROR(CE6:CF6,0))} -> 0 | CH6: =_xlfn.XLOOKUP(A6,PanPivot!A:A,PanPivot!AD:AD) -> 0 | CI6: =_xlfn.XLOOKUP(A6,VacPivot!A:A,VacPivot!AJ:AJ) -> 0 | CJ6: {=SUM(IFERROR(CH6:CI6,0))} -> 0 | CK6: =_xlfn.XLOOKUP(A6,PanPivot!A:A,PanPivot!AE:AE) -> 0 | CL6: =_xlfn.XLOOKUP(A6,VacPivot!A:A,VacPivot!AL:AL) -> 0 | CM6: {=SUM(IFERROR(CK6:CL6,0))} -> 0 | CN6: =_xlfn.XLOOKUP(A6,PanPivot!A:A,PanPivot!AF:AF) -> 0 | CO6: =_xlfn.XLOOKUP(A6,VacPivot!A:A,VacPivot!AM:AM) -> 0 | CP6: {=SUM(IFERROR(CN6:CO6,0))} -> 0 | CQ6: =_xlfn.XLOOKUP(A6,PanPivot!A:A,PanPivot!AG:AG) -> 0 | CR6: =_xlfn.XLOOKUP(A6,VacPivot!A:A,VacPivot!AN:AN) -> 0 | CS6: {=SUM(IFERROR(CQ6:CR6,0))} -> 0
A7: Andrena.asteris | B7: =_xlfn.XLOOKUP(A7,PanPivot!A:A,PanPivot!B:B) -> #N/A | C7: =_xlfn.XLOOKUP(A7,VacPivot!A:A,VacPivot!B:B) -> 0 | D7: {=SUM(IFERROR(B7:C7,0))} -> 0 | E7: =_xlfn.XLOOKUP(A7,PanPivot!A:A,PanPivot!C:C) -> #N/A | F7: =_xlfn.XLOOKUP(A7,VacPivot!A:A,VacPivot!D:D) -> 0 | G7: {=SUM(IFERROR(E7:F7,0))} -> 0 | H7: =_xlfn.XLOOKUP(A7,PanPivot!A:A,PanPivot!D:D) -> #N/A | I7: =_xlfn.XLOOKUP(A7,VacPivot!A:A,VacPivot!E:E) -> 1 | J7: {=SUM(IFERROR(H7:I7,0))} -> 1 | K7: =_xlfn.XLOOKUP(A7,PanPivot!A:A,PanPivot!E:E) -> #N/A | L7: =_xlfn.XLOOKUP(Summing.bothpivots!A7,VacPivot!A:A,VacPivot!F:F) -> 0 | M7: {=SUM(IFERROR(K7:L7,0))} -> 0 | N7: =_xlfn.XLOOKUP(A7,PanPivot!A:A,PanPivot!F:F) -> #N/A | O7: =_xlfn.XLOOKUP(A7,VacPivot!A:A,VacPivot!AO:AO) -> 0 | P7: {=SUM(IFERROR(N7:O7,0))} -> 0 | Q7: =_xlfn.XLOOKUP(A7,PanPivot!A:A,PanPivot!G:G) -> #N/A | R7: =_xlfn.XLOOKUP(A7,VacPivot!A:A,VacPivot!H:H) -> 0 | S7: {=SUM(IFERROR(Q7:R7,0))} -> 0 | T7: =_xlfn.XLOOKUP(A7,PanPivot!A:A,PanPivot!H:H) -> #N/A | U7: =_xlfn.XLOOKUP(A7,VacPivot!A:A,VacPivot!I:I) -> 0 | V7: {=SUM(IFERROR(T7:U7,0))} -> 0 | W7: =_xlfn.XLOOKUP(A7,PanPivot!A:A,PanPivot!I:I) -> #N/A | X7: =_xlfn.XLOOKUP(A7,VacPivot!A:A,VacPivot!J:J) -> 0 | Y7: {=SUM(IFERROR(W7:X7,0))} -> 0 | Z7: =_xlfn.XLOOKUP(A7,PanPivot!A:A,PanPivot!J:J) -> #N/A | AA7: =_xlfn.XLOOKUP(A7,VacPivot!A:A,VacPivot!K:K) -> 0 | AB7: {=SUM(IFERROR(Z7:AA7,0))} -> 0 | AC7: =_xlfn.XLOOKUP(A7,PanPivot!A:A,PanPivot!K:K) -> #N/A | AD7: =_xlfn.XLOOKUP(A7,VacPivot!A:A,VacPivot!M:M) -> 0 | AE7: {=SUM(IFERROR(AC7:AD7,0))} -> 0 | AF7: =_xlfn.XLOOKUP(A7,PanPivot!A:A,PanPivot!L:L) -> #N/A | AG7: =_xlfn.XLOOKUP(A7,VacPivot!A:A,VacPivot!N:N) -> 0 | AH7: {=SUM(IFERROR(AF7:AG7,0))} -> 0 | AI7: =_xlfn.XLOOKUP(A7,PanPivot!A:A,PanPivot!M:M) -> #N/A | AJ7: =_xlfn.XLOOKUP(A7,VacPivot!A:A,VacPivot!O:O) -> 0 | AK7: {=SUM(IFERROR(AI7:AJ7,0))} -> 0 | AL7: =_xlfn.XLOOKUP(A7,PanPivot!A:A,PanPivot!N:N) -> #N/A | AM7: =_xlfn.XLOOKUP(A7,VacPivot!A:A,VacPivot!P:P) -> 0 | AN7: {=SUM(IFERROR(AL7:AM7,0))} -> 0 | AO7: =_xlfn.XLOOKUP(A7,PanPivot!A:A,PanPivot!O:O) -> #N/A | AP7: =_xlfn.XLOOKUP(A7,VacPivot!A:A,VacPivot!R:R) -> 0 | AQ7: {=SUM(IFERROR(AO7:AP7,0))} -> 0 | AR7: =_xlfn.XLOOKUP(A7,PanPivot!A:A,PanPivot!P:P) -> #N/A | AS7: =_xlfn.XLOOKUP(A7,VacPivot!A:A,VacPivot!S:S) -> 0 | AT7: {=SUM(IFERROR(AR7:AS7,0))} -> 0 | AU7: =_xlfn.XLOOKUP(A7,PanPivot!A:A,PanPivot!Q:Q) -> #N/A | AV7: =_xlfn.XLOOKUP(A7,VacPivot!A:A,VacPivot!T:T) -> 0 | AW7: {=SUM(IFERROR(AU7:AV7,0))} -> 0 | AX7: =_xlfn.XLOOKUP(A7,PanPivot!A:A,PanPivot!R:R) -> #N/A | AY7: =_xlfn.XLOOKUP(A7,VacPivot!A:A,VacPivot!U:U) -> 0 | AZ7: {=SUM(IFERROR(AX7:AY7,0))} -> 0 | BA7: =_xlfn.XLOOKUP(A7,PanPivot!A:A,PanPivot!S:S) -> #N/A | BB7: =_xlfn.XLOOKUP(A7,VacPivot!A:A,VacPivot!W:W) -> 0 | BC7: {=SUM(IFERROR(BA7:BB7,0))} -> 0 | BD7: =_xlfn.XLOOKUP(A7,PanPivot!A:A,PanPivot!T:T) -> #N/A | BE7: =_xlfn.XLOOKUP(A7,VacPivot!A:A,VacPivot!X:X) -> 0 | BF7: {=SUM(IFERROR(BD7:BE7,0))} -> 0 | BG7: =_xlfn.XLOOKUP(A7,PanPivot!A:A,PanPivot!U:U) -> #N/A | BH7: =_xlfn.XLOOKUP(Summing.bothpivots!A7,VacPivot!A:A,VacPivot!Y:Y) -> 0 | BI7: {=SUM(IFERROR(BG7:BH7,0))} -> 0 | BJ7: =_xlfn.XLOOKUP(A7,PanPivot!A:A,PanPivot!V:V) -> #N/A | BK7: =_xlfn.XLOOKUP(A7,VacPivot!A:A,VacPivot!Z:Z) -> 0 | BL7: {=SUM(IFERROR(BJ7:BK7,0))} -> 0 | BM7: =_xlfn.XLOOKUP(A7,PanPivot!A:A,PanPivot!W:W) -> #N/A | BN7: =_xlfn.XLOOKUP(A7,VacPivot!A:A,VacPivot!AB:AB) -> 0 | BO7: {=SUM(IFERROR(BM7:BN7,0))} -> 0 | BP7: =_xlfn.XLOOKUP(A7,PanPivot!A:A,PanPivot!X:X) -> #N/A | BQ7: =_xlfn.XLOOKUP(A7,VacPivot!A:A,VacPivot!AC:AC) -> 0 | BR7: {=SUM(IFERROR(BP7:BQ7,0))} -> 0 | BS7: =_xlfn.XLOOKUP(Summing.bothpivots!A7,PanPivot!A:A,PanPivot!Y:Y) -> #N/A | BT7: =_xlfn.XLOOKUP(A7,VacPivot!A:A,VacPivot!AD:AD) -> 0 | BU7: {=SUM(IFERROR(BS7:BT7,0))} -> 0 | BV7: =_xlfn.XLOOKUP(A7,PanPivot!A:A,PanPivot!Z:Z) -> #N/A | BW7: =_xlfn.XLOOKUP(A7,VacPivot!A:A,VacPivot!AE:AE) -> 0 | BX7: {=SUM(IFERROR(BV7:BW7,0))} -> 0 | BY7: =_xlfn.XLOOKUP(A7,PanPivot!A:A,PanPivot!AA:AA) -> #N/A | BZ7: =_xlfn.XLOOKUP(A7,VacPivot!A:A,VacPivot!AG:AG) -> 0 | CA7: {=SUM(IFERROR(BY7:BZ7,0))} -> 0 | CB7: =_xlfn.XLOOKUP(A7,PanPivot!A:A,PanPivot!AB:AB) -> #N/A | CC7: =_xlfn.XLOOKUP(A7,VacPivot!A:A,VacPivot!AH:AH) -> 0 | CD7: {=SUM(IFERROR(CB7:CC7,0))} -> 0 | CE7: =_xlfn.XLOOKUP(A7,PanPivot!A:A,PanPivot!AC:AC) -> #N/A | CF7: =_xlfn.XLOOKUP(A7,VacPivot!A:A,VacPivot!AI:AI) -> 0 | CG7: {=SUM(IFERROR(CE7:CF7,0))} -> 0 | CH7: =_xlfn.XLOOKUP(A7,PanPivot!A:A,PanPivot!AD:AD) -> #N/A | CI7: =_xlfn.XLOOKUP(A7,VacPivot!A:A,VacPivot!AJ:AJ) -> 0 | CJ7: {=SUM(IFERROR(CH7:CI7,0))} -> 0 | CK7: =_xlfn.XLOOKUP(A7,PanPivot!A:A,PanPivot!AE:AE) -> #N/A | CL7: =_xlfn.XLOOKUP(A7,VacPivot!A:A,VacPivot!AL:AL) -> 0 | CM7: {=SUM(IFERROR(CK7:CL7,0))} -> 0 | CN7: =_xlfn.XLOOKUP(A7,PanPivot!A:A,PanPivot!AF:AF) -> #N/A | CO7: =_xlfn.XLOOKUP(A7,VacPivot!A:A,VacPivot!AM:AM) -> 0 | CP7: {=SUM(IFERROR(CN7:CO7,0))} -> 0 | CQ7: =_xlfn.XLOOKUP(A7,PanPivot!A:A,PanPivot!AG:AG) -> #N/A | CR7: =_xlfn.XLOOKUP(A7,VacPivot!A:A,VacPivot!AN:AN) -> 0 | CS7: {=SUM(IFERROR(CQ7:CR7,0))} -> 0
A8: Andrena.commoda | B8: =_xlfn.XLOOKUP(A8,PanPivot!A:A,PanPivot!B:B) -> 0 | C8: =_xlfn.XLOOKUP(A8,VacPivot!A:A,VacPivot!B:B) -> #N/A | D8: {=SUM(IFERROR(B8:C8,0))} -> 0 | E8: =_xlfn.XLOOKUP(A8,PanPivot!A:A,PanPivot!C:C) -> 0 | F8: =_xlfn.XLOOKUP(A8,VacPivot!A:A,VacPivot!D:D) -> #N/A | G8: {=SUM(IFERROR(E8:F8,0))} -> 0 | H8: =_xlfn.XLOOKUP(A8,PanPivot!A:A,PanPivot!D:D) -> 0 | I8: =_xlfn.XLOOKUP(A8,VacPivot!A:A,VacPivot!E:E) -> #N/A | J8: {=SUM(IFERROR(H8:I8,0))} -> 0 | K8: =_xlfn.XLOOKUP(A8,PanPivot!A:A,PanPivot!E:E) -> 0 | L8: =_xlfn.XLOOKUP(Summing.bothpivots!A8,VacPivot!A:A,VacPivot!F:F) -> #N/A | M8: {=SUM(IFERROR(K8:L8,0))} -> 0 | N8: =_xlfn.XLOOKUP(A8,PanPivot!A:A,PanPivot!F:F) -> 0 | O8: =_xlfn.XLOOKUP(A8,VacPivot!A:A,VacPivot!AO:AO) -> #N/A | P8: {=SUM(IFERROR(N8:O8,0))} -> 0 | Q8: =_xlfn.XLOOKUP(A8,PanPivot!A:A,PanPivot!G:G) -> 0 | R8: =_xlfn.XLOOKUP(A8,VacPivot!A:A,VacPivot!H:H) -> #N/A | S8: {=SUM(IFERROR(Q8:R8,0))} -> 0 | T8: =_xlfn.XLOOKUP(A8,PanPivot!A:A,PanPivot!H:H) -> 0 | U8: =_xlfn.XLOOKUP(A8,VacPivot!A:A,VacPivot!I:I) -> #N/A | V8: {=SUM(IFERROR(T8:U8,0))} -> 0 | W8: =_xlfn.XLOOKUP(A8,PanPivot!A:A,PanPivot!I:I) -> 0 | X8: =_xlfn.XLOOKUP(A8,VacPivot!A:A,VacPivot!J:J) -> #N/A | Y8: {=SUM(IFERROR(W8:X8,0))} -> 0 | Z8: =_xlfn.XLOOKUP(A8,PanPivot!A:A,PanPivot!J:J) -> 0 | AA8: =_xlfn.XLOOKUP(A8,VacPivot!A:A,VacPivot!K:K) -> #N/A | AB8: {=SUM(IFERROR(Z8:AA8,0))} -> 0 | AC8: =_xlfn.XLOOKUP(A8,PanPivot!A:A,PanPivot!K:K) -> 0 | AD8: =_xlfn.XLOOKUP(A8,VacPivot!A:A,VacPivot!M:M) -> #N/A | AE8: {=SUM(IFERROR(AC8:AD8,0))} -> 0 | AF8: =_xlfn.XLOOKUP(A8,PanPivot!A:A,PanPivot!L:L) -> 0 | AG8: =_xlfn.XLOOKUP(A8,VacPivot!A:A,VacPivot!N:N) -> #N/A | AH8: {=SUM(IFERROR(AF8:AG8,0))} -> 0 | AI8: =_xlfn.XLOOKUP(A8,PanPivot!A:A,PanPivot!M:M) -> 0 | AJ8: =_xlfn.XLOOKUP(A8,VacPivot!A:A,VacPivot!O:O) -> #N/A | AK8: {=SUM(IFERROR(AI8:AJ8,0))} -> 0 | AL8: =_xlfn.XLOOKUP(A8,PanPivot!A:A,PanPivot!N:N) -> 0 | AM8: =_xlfn.XLOOKUP(A8,VacPivot!A:A,VacPivot!P:P) -> #N/A | AN8: {=SUM(IFERROR(AL8:AM8,0))} -> 0 | AO8: =_xlfn.XLOOKUP(A8,PanPivot!A:A,PanPivot!O:O) -> 0 | AP8: =_xlfn.XLOOKUP(A8,VacPivot!A:A,VacPivot!R:R) -> #N/A | AQ8: {=SUM(IFERROR(AO8:AP8,0))} -> 0 | AR8: =_xlfn.XLOOKUP(A8,PanPivot!A:A,PanPivot!P:P) -> 0 | AS8: =_xlfn.XLOOKUP(A8,VacPivot!A:A,VacPivot!S:S) -> #N/A | AT8: {=SUM(IFERROR(AR8:AS8,0))} -> 0 | AU8: =_xlfn.XLOOKUP(A8,PanPivot!A:A,PanPivot!Q:Q) -> 0 | AV8: =_xlfn.XLOOKUP(A8,VacPivot!A:A,VacPivot!T:T) -> #N/A | AW8: {=SUM(IFERROR(AU8:AV8,0))} -> 0 | AX8: =_xlfn.XLOOKUP(A8,PanPivot!A:A,PanPivot!R:R) -> 0 | AY8: =_xlfn.XLOOKUP(A8,VacPivot!A:A,VacPivot!U:U) -> #N/A | AZ8: {=SUM(IFERROR(AX8:AY8,0))} -> 0 | BA8: =_xlfn.XLOOKUP(A8,PanPivot!A:A,PanPivot!S:S) -> 1 | BB8: =_xlfn.XLOOKUP(A8,VacPivot!A:A,VacPivot!W:W) -> #N/A | BC8: {=SUM(IFERROR(BA8:BB8,0))} -> 1 | BD8: =_xlfn.XLOOKUP(A8,PanPivot!A:A,PanPivot!T:T) -> 0 | BE8: =_xlfn.XLOOKUP(A8,VacPivot!A:A,VacPivot!X:X) -> #N/A | BF8: {=SUM(IFERROR(BD8:BE8,0))} -> 0 | BG8: =_xlfn.XLOOKUP(A8,PanPivot!A:A,PanPivot!U:U) -> 0 | BH8: =_xlfn.XLOOKUP(Summing.bothpivots!A8,VacPivot!A:A,VacPivot!Y:Y) -> #N/A | BI8: {=SUM(IFERROR(BG8:BH8,0))} -> 0 | BJ8: =_xlfn.XLOOKUP(A8,PanPivot!A:A,PanPivot!V:V) -> 0 | BK8: =_xlfn.XLOOKUP(A8,VacPivot!A:A,VacPivot!Z:Z) -> #N/A | BL8: {=SUM(IFERROR(BJ8:BK8,0))} -> 0 | BM8: =_xlfn.XLOOKUP(A8,PanPivot!A:A,PanPivot!W:W) -> 0 | BN8: =_xlfn.XLOOKUP(A8,VacPivot!A:A,VacPivot!AB:AB) -> #N/A | BO8: {=SUM(IFERROR(BM8:BN8,0))} -> 0 | BP8: =_xlfn.XLOOKUP(A8,PanPivot!A:A,PanPivot!X:X) -> 0 | BQ8: =_xlfn.XLOOKUP(A8,VacPivot!A:A,VacPivot!AC:AC) -> #N/A | BR8: {=SUM(IFERROR(BP8:BQ8,0))} -> 0 | BS8: =_xlfn.XLOOKUP(Summing.bothpivots!A8,PanPivot!A:A,PanPivot!Y:Y) -> 0 | BT8: =_xlfn.XLOOKUP(A8,VacPivot!A:A,VacPivot!AD:AD) -> #N/A | BU8: {=SUM(IFERROR(BS8:BT8,0))} -> 0 | BV8: =_xlfn.XLOOKUP(A8,PanPivot!A:A,PanPivot!Z:Z) -> 0 | BW8: =_xlfn.XLOOKUP(A8,VacPivot!A:A,VacPivot!AE:AE) -> #N/A | BX8: {=SUM(IFERROR(BV8:BW8,0))} -> 0 | BY8: =_xlfn.XLOOKUP(A8,PanPivot!A:A,PanPivot!AA:AA) -> 0 | BZ8: =_xlfn.XLOOKUP(A8,VacPivot!A:A,VacPivot!AG:AG) -> #N/A | CA8: {=SUM(IFERROR(BY8:BZ8,0))} -> 0 | CB8: =_xlfn.XLOOKUP(A8,PanPivot!A:A,PanPivot!AB:AB) -> 0 | CC8: =_xlfn.XLOOKUP(A8,VacPivot!A:A,VacPivot!AH:AH) -> #N/A | CD8: {=SUM(IFERROR(CB8:CC8,0))} -> 0 | CE8: =_xlfn.XLOOKUP(A8,PanPivot!A:A,PanPivot!AC:AC) -> 0 | CF8: =_xlfn.XLOOKUP(A8,VacPivot!A:A,VacPivot!AI:AI) -> #N/A | CG8: {=SUM(IFERROR(CE8:CF8,0))} -> 0 | CH8: =_xlfn.XLOOKUP(A8,PanPivot!A:A,PanPivot!AD:AD) -> 0 | CI8: =_xlfn.XLOOKUP(A8,VacPivot!A:A,VacPivot!AJ:AJ) -> #N/A | CJ8: {=SUM(IFERROR(CH8:CI8,0))} -> 0 | CK8: =_xlfn.XLOOKUP(A8,PanPivot!A:A,PanPivot!AE:AE) -> 0 | CL8: =_xlfn.XLOOKUP(A8,VacPivot!A:A,VacPivot!AL:AL) -> #N/A | CM8: {=SUM(IFERROR(CK8:CL8,0))} -> 0 | CN8: =_xlfn.XLOOKUP(A8,PanPivot!A:A,PanPivot!AF:AF) -> 0 | CO8: =_xlfn.XLOOKUP(A8,VacPivot!A:A,VacPivot!AM:AM) -> #N/A | CP8: {=SUM(IFERROR(CN8:CO8,0))} -> 0 | CQ8: =_xlfn.XLOOKUP(A8,PanPivot!A:A,PanPivot!AG:AG) -> 0 | CR8: =_xlfn.XLOOKUP(A8,VacPivot!A:A,VacPivot!AN:AN) -> #N/A | CS8: {=SUM(IFERROR(CQ8:CR8,0))} -> 0
A9: Andrena.miserabilis | B9: =_xlfn.XLOOKUP(A9,PanPivot!A:A,PanPivot!B:B) -> 0 | C9: =_xlfn.XLOOKUP(A9,VacPivot!A:A,VacPivot!B:B) -> #N/A | D9: {=SUM(IFERROR(B9:C9,0))} -> 0 | E9: =_xlfn.XLOOKUP(A9,PanPivot!A:A,PanPivot!C:C) -> 0 | F9: =_xlfn.XLOOKUP(A9,VacPivot!A:A,VacPivot!D:D) -> #N/A | G9: {=SUM(IFERROR(E9:F9,0))} -> 0 | H9: =_xlfn.XLOOKUP(A9,PanPivot!A:A,PanPivot!D:D) -> 0 | I9: =_xlfn.XLOOKUP(A9,VacPivot!A:A,VacPivot!E:E) -> #N/A | J9: {=SUM(IFERROR(H9:I9,0))} -> 0 | K9: =_xlfn.XLOOKUP(A9,PanPivot!A:A,PanPivot!E:E) -> 0 | L9: =_xlfn.XLOOKUP(Summing.bothpivots!A9,VacPivot!A:A,VacPivot!F:F) -> #N/A | M9: {=SUM(IFERROR(K9:L9,0))} -> 0 | N9: =_xlfn.XLOOKUP(A9,PanPivot!A:A,PanPivot!F:F) -> 1 | O9: =_xlfn.XLOOKUP(A9,VacPivot!A:A,VacPivot!AO:AO) -> #N/A | P9: {=SUM(IFERROR(N9:O9,0))} -> 1 | Q9: =_xlfn.XLOOKUP(A9,PanPivot!A:A,PanPivot!G:G) -> 0 | R9: =_xlfn.XLOOKUP(A9,VacPivot!A:A,VacPivot!H:H) -> #N/A | S9: {=SUM(IFERROR(Q9:R9,0))} -> 0 | T9: =_xlfn.XLOOKUP(A9,PanPivot!A:A,PanPivot!H:H) -> 0 | U9: =_xlfn.XLOOKUP(A9,VacPivot!A:A,VacPivot!I:I) -> #N/A | V9: {=SUM(IFERROR(T9:U9,0))} -> 0 | W9: =_xlfn.XLOOKUP(A9,PanPivot!A:A,PanPivot!I:I) -> 0 | X9: =_xlfn.XLOOKUP(A9,VacPivot!A:A,VacPivot!J:J) -> #N/A | Y9: {=SUM(IFERROR(W9:X9,0))} -> 0 | Z9: =_xlfn.XLOOKUP(A9,PanPivot!A:A,PanPivot!J:J) -> 0 | AA9: =_xlfn.XLOOKUP(A9,VacPivot!A:A,VacPivot!K:K) -> #N/A | AB9: {=SUM(IFERROR(Z9:AA9,0))} -> 0 | AC9: =_xlfn.XLOOKUP(A9,PanPivot!A:A,PanPivot!K:K) -> 0 | AD9: =_xlfn.XLOOKUP(A9,VacPivot!A:A,VacPivot!M:M) -> #N/A | AE9: {=SUM(IFERROR(AC9:AD9,0))} -> 0 | AF9: =_xlfn.XLOOKUP(A9,PanPivot!A:A,PanPivot!L:L) -> 0 | AG9: =_xlfn.XLOOKUP(A9,VacPivot!A:A,VacPivot!N:N) -> #N/A | AH9: {=SUM(IFERROR(AF9:AG9,0))} -> 0 | AI9: =_xlfn.XLOOKUP(A9,PanPivot!A:A,PanPivot!M:M) -> 0 | AJ9: =_xlfn.XLOOKUP(A9,VacPivot!A:A,VacPivot!O:O) -> #N/A | AK9: {=SUM(IFERROR(AI9:AJ9,0))} -> 0 | AL9: =_xlfn.XLOOKUP(A9,PanPivot!A:A,PanPivot!N:N) -> 0 | AM9: =_xlfn.XLOOKUP(A9,VacPivot!A:A,VacPivot!P:P) -> #N/A | AN9: {=SUM(IFERROR(AL9:AM9,0))} -> 0 | AO9: =_xlfn.XLOOKUP(A9,PanPivot!A:A,PanPivot!O:O) -> 0 | AP9: =_xlfn.XLOOKUP(A9,VacPivot!A:A,VacPivot!R:R) -> #N/A | AQ9: {=SUM(IFERROR(AO9:AP9,0))} -> 0 | AR9: =_xlfn.XLOOKUP(A9,PanPivot!A:A,PanPivot!P:P) -> 0 | AS9: =_xlfn.XLOOKUP(A9,VacPivot!A:A,VacPivot!S:S) -> #N/A | AT9: {=SUM(IFERROR(AR9:AS9,0))} -> 0 | AU9: =_xlfn.XLOOKUP(A9,PanPivot!A:A,PanPivot!Q:Q) -> 0 | AV9: =_xlfn.XLOOKUP(A9,VacPivot!A:A,VacPivot!T:T) -> #N/A | AW9: {=SUM(IFERROR(AU9:AV9,0))} -> 0 | AX9: =_xlfn.XLOOKUP(A9,PanPivot!A:A,PanPivot!R:R) -> 0 | AY9: =_xlfn.XLOOKUP(A9,VacPivot!A:A,VacPivot!U:U) -> #N/A | AZ9: {=SUM(IFERROR(AX9:AY9,0))} -> 0 | BA9: =_xlfn.XLOOKUP(A9,PanPivot!A:A,PanPivot!S:S) -> 0 | BB9: =_xlfn.XLOOKUP(A9,VacPivot!A:A,VacPivot!W:W) -> #N/A | BC9: {=SUM(IFERROR(BA9:BB9,0))} -> 0 | BD9: =_xlfn.XLOOKUP(A9,PanPivot!A:A,PanPivot!T:T) -> 0 | BE9: =_xlfn.XLOOKUP(A9,VacPivot!A:A,VacPivot!X:X) -> #N/A | BF9: {=SUM(IFERROR(BD9:BE9,0))} -> 0 | BG9: =_xlfn.XLOOKUP(A9,PanPivot!A:A,PanPivot!U:U) -> 0 | BH9: =_xlfn.XLOOKUP(Summing.bothpivots!A9,VacPivot!A:A,VacPivot!Y:Y) -> #N/A | BI9: {=SUM(IFERROR(BG9:BH9,0))} -> 0 | BJ9: =_xlfn.XLOOKUP(A9,PanPivot!A:A,PanPivot!V:V) -> 0 | BK9: =_xlfn.XLOOKUP(A9,VacPivot!A:A,VacPivot!Z:Z) -> #N/A | BL9: {=SUM(IFERROR(BJ9:BK9,0))} -> 0 | BM9: =_xlfn.XLOOKUP(A9,PanPivot!A:A,PanPivot!W:W) -> 0 | BN9: =_xlfn.XLOOKUP(A9,VacPivot!A:A,VacPivot!AB:AB) -> #N/A | BO9: {=SUM(IFERROR(BM9:BN9,0))} -> 0 | BP9: =_xlfn.XLOOKUP(A9,PanPivot!A:A,PanPivot!X:X) -> 0 | BQ9: =_xlfn.XLOOKUP(A9,VacPivot!A:A,VacPivot!AC:AC) -> #N/A | BR9: {=SUM(IFERROR(BP9:BQ9,0))} -> 0 | BS9: =_xlfn.XLOOKUP(Summing.bothpivots!A9,PanPivot!A:A,PanPivot!Y:Y) -> 0 | BT9: =_xlfn.XLOOKUP(A9,VacPivot!A:A,VacPivot!AD:AD) -> #N/A | BU9: {=SUM(IFERROR(BS9:BT9,0))} -> 0 | BV9: =_xlfn.XLOOKUP(A9,PanPivot!A:A,PanPivot!Z:Z) -> 0 | BW9: =_xlfn.XLOOKUP(A9,VacPivot!A:A,VacPivot!AE:AE) -> #N/A | BX9: {=SUM(IFERROR(BV9:BW9,0))} -> 0 | BY9: =_xlfn.XLOOKUP(A9,PanPivot!A:A,PanPivot!AA:AA) -> 0 | BZ9: =_xlfn.XLOOKUP(A9,VacPivot!A:A,VacPivot!AG:AG) -> #N/A | CA9: {=SUM(IFERROR(BY9:BZ9,0))} -> 0 | CB9: =_xlfn.XLOOKUP(A9,PanPivot!A:A,PanPivot!AB:AB) -> 0 | CC9: =_xlfn.XLOOKUP(A9,VacPivot!A:A,VacPivot!AH:AH) -> #N/A | CD9: {=SUM(IFERROR(CB9:CC9,0))} -> 0 | CE9: =_xlfn.XLOOKUP(A9,PanPivot!A:A,PanPivot!AC:AC) -> 0 | CF9: =_xlfn.XLOOKUP(A9,VacPivot!A:A,VacPivot!AI:AI) -> #N/A | CG9: {=SUM(IFERROR(CE9:CF9,0))} -> 0 | CH9: =_xlfn.XLOOKUP(A9,PanPivot!A:A,PanPivot!AD:AD) -> 0 | CI9: =_xlfn.XLOOKUP(A9,VacPivot!A:A,VacPivot!AJ:AJ) -> #N/A | CJ9: {=SUM(IFERROR(CH9:CI9,0))} -> 0 | CK9: =_xlfn.XLOOKUP(A9,PanPivot!A:A,PanPivot!AE:AE) -> 0 | CL9: =_xlfn.XLOOKUP(A9,VacPivot!A:A,VacPivot!AL:AL) -> #N/A | CM9: {=SUM(IFERROR(CK9:CL9,0))} -> 0 | CN9: =_xlfn.XLOOKUP(A9,PanPivot!A:A,PanPivot!AF:AF) -> 0 | CO9: =_xlfn.XLOOKUP(A9,VacPivot!A:A,VacPivot!AM:AM) -> #N/A | CP9: {=SUM(IFERROR(CN9:CO9,0))} -> 0 | CQ9: =_xlfn.XLOOKUP(A9,PanPivot!A:A,PanPivot!AG:AG) -> 0 | CR9: =_xlfn.XLOOKUP(A9,VacPivot!A:A,VacPivot!AN:AN) -> #N/A | CS9: {=SUM(IFERROR(CQ9:CR9,0))} -> 0
A10: Andrena.nasonii | B10: =_xlfn.XLOOKUP(A10,PanPivot!A:A,PanPivot!B:B) -> 0 | C10: =_xlfn.XLOOKUP(A10,VacPivot!A:A,VacPivot!B:B) -> #N/A | D10: {=SUM(IFERROR(B10:C10,0))} -> 0 | E10: =_xlfn.XLOOKUP(A10,PanPivot!A:A,PanPivot!C:C) -> 0 | F10: =_xlfn.XLOOKUP(A10,VacPivot!A:A,VacPivot!D:D) -> #N/A | G10: {=SUM(IFERROR(E10:F10,0))} -> 0 | H10: =_xlfn.XLOOKUP(A10,PanPivot!A:A,PanPivot!D:D) -> 0 | I10: =_xlfn.XLOOKUP(A10,VacPivot!A:A,VacPivot!E:E) -> #N/A | J10: {=SUM(IFERROR(H10:I10,0))} -> 0 | K10: =_xlfn.XLOOKUP(A10,PanPivot!A:A,PanPivot!E:E) -> 0 | L10: =_xlfn.XLOOKUP(Summing.bothpivots!A10,VacPivot!A:A,VacPivot!F:F) -> #N/A | M10: {=SUM(IFERROR(K10:L10,0))} -> 0 | N10: =_xlfn.XLOOKUP(A10,PanPivot!A:A,PanPivot!F:F) -> 0 | O10: =_xlfn.XLOOKUP(A10,VacPivot!A:A,VacPivot!AO:AO) -> #N/A | P10: {=SUM(IFERROR(N10:O10,0))} -> 0 | Q10: =_xlfn.XLOOKUP(A10,PanPivot!A:A,PanPivot!G:G) -> 0 | R10: =_xlfn.XLOOKUP(A10,VacPivot!A:A,VacPivot!H:H) -> #N/A | S10: {=SUM(IFERROR(Q10:R10,0))} -> 0 | T10: =_xlfn.XLOOKUP(A10,PanPivot!A:A,PanPivot!H:H) -> 0 | U10: =_xlfn.XLOOKUP(A10,VacPivot!A:A,VacPivot!I:I) -> #N/A | V10: {=SUM(IFERROR(T10:U10,0))} -> 0 | W10: =_xlfn.XLOOKUP(A10,PanPivot!A:A,PanPivot!I:I) -> 0 | X10: =_xlfn.XLOOKUP(A10,VacPivot!A:A,VacPivot!J:J) -> #N/A | Y10: {=SUM(IFERROR(W10:X10,0))} -> 0 | Z10: =_xlfn.XLOOKUP(A10,PanPivot!A:A,PanPivot!J:J) -> 0 | AA10: =_xlfn.XLOOKUP(A10,VacPivot!A:A,VacPivot!K:K) -> #N/A | AB10: {=SUM(IFERROR(Z10:AA10,0))} -> 0 | AC10: =_xlfn.XLOOKUP(A10,PanPivot!A:A,PanPivot!K:K) -> 0 | AD10: =_xlfn.XLOOKUP(A10,VacPivot!A:A,VacPivot!M:M) -> #N/A | AE10: {=SUM(IFERROR(AC10:AD10,0))} -> 0 | AF10: =_xlfn.XLOOKUP(A10,PanPivot!A:A,PanPivot!L:L) -> 0 | AG10: =_xlfn.XLOOKUP(A10,VacPivot!A:A,VacPivot!N:N) -> #N/A | AH10: {=SUM(IFERROR(AF10:AG10,0))} -> 0 | AI10: =_xlfn.XLOOKUP(A10,PanPivot!A:A,PanPivot!M:M) -> 0 | AJ10: =_xlfn.XLOOKUP(A10,VacPivot!A:A,VacPivot!O:O) -> #N/A | AK10: {=SUM(IFERROR(AI10:AJ10,0))} -> 0 | AL10: =_xlfn.XLOOKUP(A10,PanPivot!A:A,PanPivot!N:N) -> 0 | AM10: =_xlfn.XLOOKUP(A10,VacPivot!A:A,VacPivot!P:P) -> #N/A | AN10: {=SUM(IFERROR(AL10:AM10,0))} -> 0 | AO10: =_xlfn.XLOOKUP(A10,PanPivot!A:A,PanPivot!O:O) -> 0 | AP10: =_xlfn.XLOOKUP(A10,VacPivot!A:A,VacPivot!R:R) -> #N/A | AQ10: {=SUM(IFERROR(AO10:AP10,0))} -> 0 | AR10: =_xlfn.XLOOKUP(A10,PanPivot!A:A,PanPivot!P:P) -> 0 | AS10: =_xlfn.XLOOKUP(A10,VacPivot!A:A,VacPivot!S:S) -> #N/A | AT10: {=SUM(IFERROR(AR10:AS10,0))} -> 0 | AU10: =_xlfn.XLOOKUP(A10,PanPivot!A:A,PanPivot!Q:Q) -> 0 | AV10: =_xlfn.XLOOKUP(A10,VacPivot!A:A,VacPivot!T:T) -> #N/A | AW10: {=SUM(IFERROR(AU10:AV10,0))} -> 0 | AX10: =_xlfn.XLOOKUP(A10,PanPivot!A:A,PanPivot!R:R) -> 1 | AY10: =_xlfn.XLOOKUP(A10,VacPivot!A:A,VacPivot!U:U) -> #N/A | AZ10: {=SUM(IFERROR(AX10:AY10,0))} -> 1 | BA10: =_xlfn.XLOOKUP(A10,PanPivot!A:A,PanPivot!S:S) -> 12 | BB10: =_xlfn.XLOOKUP(A10,VacPivot!A:A,VacPivot!W:W) -> #N/A | BC10: {=SUM(IFERROR(BA10:BB10,0))} -> 12 | BD10: =_xlfn.XLOOKUP(A10,PanPivot!A:A,PanPivot!T:T) -> 0 | BE10: =_xlfn.XLOOKUP(A10,VacPivot!A:A,VacPivot!X:X) -> #N/A | BF10: {=SUM(IFERROR(BD10:BE10,0))} -> 0 | BG10: =_xlfn.XLOOKUP(A10,PanPivot!A:A,PanPivot!U:U) -> 0 | BH10: =_xlfn.XLOOKUP(Summing.bothpivots!A10,VacPivot!A:A,VacPivot!Y:Y) -> #N/A | BI10: {=SUM(IFERROR(BG10:BH10,0))} -> 0 | BJ10: =_xlfn.XLOOKUP(A10,PanPivot!A:A,PanPivot!V:V) -> 0 | BK10: =_xlfn.XLOOKUP(A10,VacPivot!A:A,VacPivot!Z:Z) -> #N/A | BL10: {=SUM(IFERROR(BJ10:BK10,0))} -> 0 | BM10: =_xlfn.XLOOKUP(A10,PanPivot!A:A,PanPivot!W:W) -> 0 | BN10: =_xlfn.XLOOKUP(A10,VacPivot!A:A,VacPivot!AB:AB) -> #N/A | BO10: {=SUM(IFERROR(BM10:BN10,0))} -> 0 | BP10: =_xlfn.XLOOKUP(A10,PanPivot!A:A,PanPivot!X:X) -> 0 | BQ10: =_xlfn.XLOOKUP(A10,VacPivot!A:A,VacPivot!AC:AC) -> #N/A | BR10: {=SUM(IFERROR(BP10:BQ10,0))} -> 0 | BS10: =_xlfn.XLOOKUP(Summing.bothpivots!A10,PanPivot!A:A,PanPivot!Y:Y) -> 0 | BT10: =_xlfn.XLOOKUP(A10,VacPivot!A:A,VacPivot!AD:AD) -> #N/A | BU10: {=SUM(IFERROR(BS10:BT10,0))} -> 0 | BV10: =_xlfn.XLOOKUP(A10,PanPivot!A:A,PanPivot!Z:Z) -> 0 | BW10: =_xlfn.XLOOKUP(A10,VacPivot!A:A,VacPivot!AE:AE) -> #N/A | BX10: {=SUM(IFERROR(BV10:BW10,0))} -> 0 | BY10: =_xlfn.XLOOKUP(A10,PanPivot!A:A,PanPivot!AA:AA) -> 0 | BZ10: =_xlfn.XLOOKUP(A10,VacPivot!A:A,VacPivot!AG:AG) -> #N/A | CA10: {=SUM(IFERROR(BY10:BZ10,0))} -> 0 | CB10: =_xlfn.XLOOKUP(A10,PanPivot!A:A,PanPivot!AB:AB) -> 0 | CC10: =_xlfn.XLOOKUP(A10,VacPivot!A:A,VacPivot!AH:AH) -> #N/A | CD10: {=SUM(IFERROR(CB10:CC10,0))} -> 0 | CE10: =_xlfn.XLOOKUP(A10,PanPivot!A:A,PanPivot!AC:AC) -> 0 | CF10: =_xlfn.XLOOKUP(A10,VacPivot!A:A,VacPivot!AI:AI) -> #N/A | CG10: {=SUM(IFERROR(CE10:CF10,0))} -> 0 | CH10: =_xlfn.XLOOKUP(A10,PanPivot!A:A,PanPivot!AD:AD) -> 0 | CI10: =_xlfn.XLOOKUP(A10,VacPivot!A:A,VacPivot!AJ:AJ) -> #N/A | CJ10: {=SUM(IFERROR(CH10:CI10,0))} -> 0 | CK10: =_xlfn.XLOOKUP(A10,PanPivot!A:A,PanPivot!AE:AE) -> 0 | CL10: =_xlfn.XLOOKUP(A10,VacPivot!A:A,VacPivot!AL:AL) -> #N/A | CM10: {=SUM(IFERROR(CK10:CL10,0))} -> 0 | CN10: =_xlfn.XLOOKUP(A10,PanPivot!A:A,PanPivot!AF:AF) -> 0 | CO10: =_xlfn.XLOOKUP(A10,VacPivot!A:A,VacPivot!AM:AM) -> #N/A | CP10: {=SUM(IFERROR(CN10:CO10,0))} -> 0 | CQ10: =_xlfn.XLOOKUP(A10,PanPivot!A:A,PanPivot!AG:AG) -> 0 | CR10: =_xlfn.XLOOKUP(A10,VacPivot!A:A,VacPivot!AN:AN) -> #N/A | CS10: {=SUM(IFERROR(CQ10:CR10,0))} -> 0
A11: Andrena.vicina | B11: =_xlfn.XLOOKUP(A11,PanPivot!A:A,PanPivot!B:B) -> 0 | C11: =_xlfn.XLOOKUP(A11,VacPivot!A:A,VacPivot!B:B) -> 0 | D11: {=SUM(IFERROR(B11:C11,0))} -> 0 | E11: =_xlfn.XLOOKUP(A11,PanPivot!A:A,PanPivot!C:C) -> 0 | F11: =_xlfn.XLOOKUP(A11,VacPivot!A:A,VacPivot!D:D) -> 0 | G11: {=SUM(IFERROR(E11:F11,0))} -> 0 | H11: =_xlfn.XLOOKUP(A11,PanPivot!A:A,PanPivot!D:D) -> 0 | I11: =_xlfn.XLOOKUP(A11,VacPivot!A:A,VacPivot!E:E) -> 0 | J11: {=SUM(IFERROR(H11:I11,0))} -> 0 | K11: =_xlfn.XLOOKUP(A11,PanPivot!A:A,PanPivot!E:E) -> 0 | L11: =_xlfn.XLOOKUP(Summing.bothpivots!A11,VacPivot!A:A,VacPivot!F:F) -> 0 | M11: {=SUM(IFERROR(K11:L11,0))} -> 0 | N11: =_xlfn.XLOOKUP(A11,PanPivot!A:A,PanPivot!F:F) -> 0 | O11: =_xlfn.XLOOKUP(A11,VacPivot!A:A,VacPivot!AO:AO) -> 0 | P11: {=SUM(IFERROR(N11:O11,0))} -> 0 | Q11: =_xlfn.XLOOKUP(A11,PanPivot!A:A,PanPivot!G:G) -> 0 | R11: =_xlfn.XLOOKUP(A11,VacPivot!A:A,VacPivot!H:H) -> 0 | S11: {=SUM(IFERROR(Q11:R11,0))} -> 0 | T11: =_xlfn.XLOOKUP(A11,PanPivot!A:A,PanPivot!H:H) -> 0 | U11: =_xlfn.XLOOKUP(A11,VacPivot!A:A,VacPivot!I:I) -> 0 | V11: {=SUM(IFERROR(T11:U11,0))} -> 0 | W11: =_xlfn.XLOOKUP(A11,PanPivot!A:A,PanPivot!I:I) -> 0 | X11: =_xlfn.XLOOKUP(A11,VacPivot!A:A,VacPivot!J:J) -> 0 | Y11: {=SUM(IFERROR(W11:X11,0))} -> 0 | Z11: =_xlfn.XLOOKUP(A11,PanPivot!A:A,PanPivot!J:J) -> 0 | AA11: =_xlfn.XLOOKUP(A11,VacPivot!A:A,VacPivot!K:K) -> 0 | AB11: {=SUM(IFERROR(Z11:AA11,0))} -> 0 | AC11: =_xlfn.XLOOKUP(A11,PanPivot!A:A,PanPivot!K:K) -> 0 | AD11: =_xlfn.XLOOKUP(A11,VacPivot!A:A,VacPivot!M:M) -> 0 | AE11: {=SUM(IFERROR(AC11:AD11,0))} -> 0 | AF11: =_xlfn.XLOOKUP(A11,PanPivot!A:A,PanPivot!L:L) -> 0 | AG11: =_xlfn.XLOOKUP(A11,VacPivot!A:A,VacPivot!N:N) -> 0 | AH11: {=SUM(IFERROR(AF11:AG11,0))} -> 0 | AI11: =_xlfn.XLOOKUP(A11,PanPivot!A:A,PanPivot!M:M) -> 0 | AJ11: =_xlfn.XLOOKUP(A11,VacPivot!A:A,VacPivot!O:O) -> 0 | AK11: {=SUM(IFERROR(AI11:AJ11,0))} -> 0 | AL11: =_xlfn.XLOOKUP(A11,PanPivot!A:A,PanPivot!N:N) -> 0 | AM11: =_xlfn.XLOOKUP(A11,VacPivot!A:A,VacPivot!P:P) -> 0 | AN11: {=SUM(IFERROR(AL11:AM11,0))} -> 0 | AO11: =_xlfn.XLOOKUP(A11,PanPivot!A:A,PanPivot!O:O) -> 0 | AP11: =_xlfn.XLOOKUP(A11,VacPivot!A:A,VacPivot!R:R) -> 0 | AQ11: {=SUM(IFERROR(AO11:AP11,0))} -> 0 | AR11: =_xlfn.XLOOKUP(A11,PanPivot!A:A,PanPivot!P:P) -> 0 | AS11: =_xlfn.XLOOKUP(A11,VacPivot!A:A,VacPivot!S:S) -> 0 | AT11: {=SUM(IFERROR(AR11:AS11,0))} -> 0 | AU11: =_xlfn.XLOOKUP(A11,PanPivot!A:A,PanPivot!Q:Q) -> 0 | AV11: =_xlfn.XLOOKUP(A11,VacPivot!A:A,VacPivot!T:T) -> 0 | AW11: {=SUM(IFERROR(AU11:AV11,0))} -> 0 | AX11: =_xlfn.XLOOKUP(A11,PanPivot!A:A,PanPivot!R:R) -> 0 | AY11: =_xlfn.XLOOKUP(A11,VacPivot!A:A,VacPivot!U:U) -> 0 | AZ11: {=SUM(IFERROR(AX11:AY11,0))} -> 0 | BA11: =_xlfn.XLOOKUP(A11,PanPivot!A:A,PanPivot!S:S) -> 1 | BB11: =_xlfn.XLOOKUP(A11,VacPivot!A:A,VacPivot!W:W) -> 0 | BC11: {=SUM(IFERROR(BA11:BB11,0))} -> 1 | BD11: =_xlfn.XLOOKUP(A11,PanPivot!A:A,PanPivot!T:T) -> 0 | BE11: =_xlfn.XLOOKUP(A11,VacPivot!A:A,VacPivot!X:X) -> 1 | BF11: {=SUM(IFERROR(BD11:BE11,0))} -> 1 | BG11: =_xlfn.XLOOKUP(A11,PanPivot!A:A,PanPivot!U:U) -> 0 | BH11: =_xlfn.XLOOKUP(Summing.bothpivots!A11,VacPivot!A:A,VacPivot!Y:Y) -> 0 | BI11: {=SUM(IFERROR(BG11:BH11,0))} -> 0 | BJ11: =_xlfn.XLOOKUP(A11,PanPivot!A:A,PanPivot!V:V) -> 0 | BK11: =_xlfn.XLOOKUP(A11,VacPivot!A:A,VacPivot!Z:Z) -> 0 | BL11: {=SUM(IFERROR(BJ11:BK11,0))} -> 0 | BM11: =_xlfn.XLOOKUP(A11,PanPivot!A:A,PanPivot!W:W) -> 0 | BN11: =_xlfn.XLOOKUP(A11,VacPivot!A:A,VacPivot!AB:AB) -> 0 | BO11: {=SUM(IFERROR(BM11:BN11,0))} -> 0 | BP11: =_xlfn.XLOOKUP(A11,PanPivot!A:A,PanPivot!X:X) -> 0 | BQ11: =_xlfn.XLOOKUP(A11,VacPivot!A:A,VacPivot!AC:AC) -> 0 | BR11: {=SUM(IFERROR(BP11:BQ11,0))} -> 0 | BS11: =_xlfn.XLOOKUP(Summing.bothpivots!A11,PanPivot!A:A,PanPivot!Y:Y) -> 0 | BT11: =_xlfn.XLOOKUP(A11,VacPivot!A:A,VacPivot!AD:AD) -> 0 | BU11: {=SUM(IFERROR(BS11:BT11,0))} -> 0 | BV11: =_xlfn.XLOOKUP(A11,PanPivot!A:A,PanPivot!Z:Z) -> 0 | BW11: =_xlfn.XLOOKUP(A11,VacPivot!A:A,VacPivot!AE:AE) -> 0 | BX11: {=SUM(IFERROR(BV11:BW11,0))} -> 0 | BY11: =_xlfn.XLOOKUP(A11,PanPivot!A:A,PanPivot!AA:AA) -> 0 | BZ11: =_xlfn.XLOOKUP(A11,VacPivot!A:A,VacPivot!AG:AG) -> 0 | CA11: {=SUM(IFERROR(BY11:BZ11,0))} -> 0 | CB11: =_xlfn.XLOOKUP(A11,PanPivot!A:A,PanPivot!AB:AB) -> 0 | CC11: =_xlfn.XLOOKUP(A11,VacPivot!A:A,VacPivot!AH:AH) -> 0 | CD11: {=SUM(IFERROR(CB11:CC11,0))} -> 0 | CE11: =_xlfn.XLOOKUP(A11,PanPivot!A:A,PanPivot!AC:AC) -> 0 | CF11: =_xlfn.XLOOKUP(A11,VacPivot!A:A,VacPivot!AI:AI) -> 0 | CG11: {=SUM(IFERROR(CE11:CF11,0))} -> 0 | CH11: =_xlfn.XLOOKUP(A11,PanPivot!A:A,PanPivot!AD:AD) -> 0 | CI11: =_xlfn.XLOOKUP(A11,VacPivot!A:A,VacPivot!AJ:AJ) -> 0 | CJ11: {=SUM(IFERROR(CH11:CI11,0))} -> 0 | CK11: =_xlfn.XLOOKUP(A11,PanPivot!A:A,PanPivot!AE:AE) -> 0 | CL11: =_xlfn.XLOOKUP(A11,VacPivot!A:A,VacPivot!AL:AL) -> 0 | CM11: {=SUM(IFERROR(CK11:CL11,0))} -> 0 | CN11: =_xlfn.XLOOKUP(A11,PanPivot!A:A,PanPivot!AF:AF) -> 0 | CO11: =_xlfn.XLOOKUP(A11,VacPivot!A:A,VacPivot!AM:AM) -> 0 | CP11: {=SUM(IFERROR(CN11:CO11,0))} -> 0 | CQ11: =_xlfn.XLOOKUP(A11,PanPivot!A:A,PanPivot!AG:AG) -> 0 | CR11: =_xlfn.XLOOKUP(A11,VacPivot!A:A,VacPivot!AN:AN) -> 0 | CS11: {=SUM(IFERROR(CQ11:CR11,0))} -> 0
A12: Andrena.wilkella | B12: =_xlfn.XLOOKUP(A12,PanPivot!A:A,PanPivot!B:B) -> 0 | C12: =_xlfn.XLOOKUP(A12,VacPivot!A:A,VacPivot!B:B) -> 2 | D12: {=SUM(IFERROR(B12:C12,0))} -> 2 | E12: =_xlfn.XLOOKUP(A12,PanPivot!A:A,PanPivot!C:C) -> 0 | F12: =_xlfn.XLOOKUP(A12,VacPivot!A:A,VacPivot!D:D) -> 0 | G12: {=SUM(IFERROR(E12:F12,0))} -> 0 | H12: =_xlfn.XLOOKUP(A12,PanPivot!A:A,PanPivot!D:D) -> 1 | I12: =_xlfn.XLOOKUP(A12,VacPivot!A:A,VacPivot!E:E) -> 3 | J12: {=SUM(IFERROR(H12:I12,0))} -> 4 | K12: =_xlfn.XLOOKUP(A12,PanPivot!A:A,PanPivot!E:E) -> 0 | L12: =_xlfn.XLOOKUP(Summing.bothpivots!A12,VacPivot!A:A,VacPivot!F:F) -> 0 | M12: {=SUM(IFERROR(K12:L12,0))} -> 0 | N12: =_xlfn.XLOOKUP(A12,PanPivot!A:A,PanPivot!F:F) -> 2 | O12: =_xlfn.XLOOKUP(A12,VacPivot!A:A,VacPivot!AO:AO) -> 0 | P12: {=SUM(IFERROR(N12:O12,0))} -> 2 | Q12: =_xlfn.XLOOKUP(A12,PanPivot!A:A,PanPivot!G:G) -> 10 | R12: =_xlfn.XLOOKUP(A12,VacPivot!A:A,VacPivot!H:H) -> 2 | S12: {=SUM(IFERROR(Q12:R12,0))} -> 12 | T12: =_xlfn.XLOOKUP(A12,PanPivot!A:A,PanPivot!H:H) -> 4 | U12: =_xlfn.XLOOKUP(A12,VacPivot!A:A,VacPivot!I:I) -> 0 | V12: {=SUM(IFERROR(T12:U12,0))} -> 4 | W12: =_xlfn.XLOOKUP(A12,PanPivot!A:A,PanPivot!I:I) -> 0 | X12: =_xlfn.XLOOKUP(A12,VacPivot!A:A,VacPivot!J:J) -> 2 | Y12: {=SUM(IFERROR(W12:X12,0))} -> 2 | Z12: =_xlfn.XLOOKUP(A12,PanPivot!A:A,PanPivot!J:J) -> 1 | AA12: =_xlfn.XLOOKUP(A12,VacPivot!A:A,VacPivot!K:K) -> 0 | AB12: {=SUM(IFERROR(Z12:AA12,0))} -> 1 | AC12: =_xlfn.XLOOKUP(A12,PanPivot!A:A,PanPivot!K:K) -> 1 | AD12: =_xlfn.XLOOKUP(A12,VacPivot!A:A,VacPivot!M:M) -> 0 | AE12: {=SUM(IFERROR(AC12:AD12,0))} -> 1 | AF12: =_xlfn.XLOOKUP(A12,PanPivot!A:A,PanPivot!L:L) -> 1 | AG12: =_xlfn.XLOOKUP(A12,VacPivot!A:A,VacPivot!N:N) -> 0 | AH12: {=SUM(IFERROR(AF12:AG12,0))} -> 1 | AI12: =_xlfn.XLOOKUP(A12,PanPivot!A:A,PanPivot!M:M) -> 0 | AJ12: =_xlfn.XLOOKUP(A12,VacPivot!A:A,VacPivot!O:O) -> 1 | AK12: {=SUM(IFERROR(AI12:AJ12,0))} -> 1 | AL12: =_xlfn.XLOOKUP(A12,PanPivot!A:A,PanPivot!N:N) -> 0 | AM12: =_xlfn.XLOOKUP(A12,VacPivot!A:A,VacPivot!P:P) -> 0 | AN12: {=SUM(IFERROR(AL12:AM12,0))} -> 0 | AO12: =_xlfn.XLOOKUP(A12,PanPivot!A:A,PanPivot!O:O) -> 0 | AP12: =_xlfn.XLOOKUP(A12,VacPivot!A:A,VacPivot!R:R) -> 0 | AQ12: {=SUM(IFERROR(AO12:AP12,0))} -> 0 | AR12: =_xlfn.XLOOKUP(A12,PanPivot!A:A,PanPivot!P:P) -> 0 | AS12: =_xlfn.XLOOKUP(A12,VacPivot!A:A,VacPivot!S:S) -> 3 | AT12: {=SUM(IFERROR(AR12:AS12,0))} -> 3 | AU12: =_xlfn.XLOOKUP(A12,PanPivot!A:A,PanPivot!Q:Q) -> 0 | AV12: =_xlfn.XLOOKUP(A12,VacPivot!A:A,VacPivot!T:T) -> 2 | AW12: {=SUM(IFERROR(AU12:AV12,0))} -> 2 | AX12: =_xlfn.XLOOKUP(A12,PanPivot!A:A,PanPivot!R:R) -> 0 | AY12: =_xlfn.XLOOKUP(A12,VacPivot!A:A,VacPivot!U:U) -> 0 | AZ12: {=SUM(IFERROR(AX12:AY12,0))} -> 0 | BA12: =_xlfn.XLOOKUP(A12,PanPivot!A:A,PanPivot!S:S) -> 0 | BB12: =_xlfn.XLOOKUP(A12,VacPivot!A:A,VacPivot!W:W) -> 2 | BC12: {=SUM(IFERROR(BA12:BB12,0))} -> 2 | BD12: =_xlfn.XLOOKUP(A12,PanPivot!A:A,PanPivot!T:T) -> 4 | BE12: =_xlfn.XLOOKUP(A12,VacPivot!A:A,VacPivot!X:X) -> 1 | BF12: {=SUM(IFERROR(BD12:BE12,0))} -> 5 | BG12: =_xlfn.XLOOKUP(A12,PanPivot!A:A,PanPivot!U:U) -> 7 | BH12: =_xlfn.XLOOKUP(Summing.bothpivots!A12,VacPivot!A:A,VacPivot!Y:Y) -> 1 | BI12: {=SUM(IFERROR(BG12:BH12,0))} -> 8 | BJ12: =_xlfn.XLOOKUP(A12,PanPivot!A:A,PanPivot!V:V) -> 0 | BK12: =_xlfn.XLOOKUP(A12,VacPivot!A:A,VacPivot!Z:Z) -> 3 | BL12: {=SUM(IFERROR(BJ12:BK12,0))} -> 3 | BM12: =_xlfn.XLOOKUP(A12,PanPivot!A:A,PanPivot!W:W) -> 1 | BN12: =_xlfn.XLOOKUP(A12,VacPivot!A:A,VacPivot!AB:AB) -> 1 | BO12: {=SUM(IFERROR(BM12:BN12,0))} -> 2 | BP12: =_xlfn.XLOOKUP(A12,PanPivot!A:A,PanPivot!X:X) -> 0 | BQ12: =_xlfn.XLOOKUP(A12,VacPivot!A:A,VacPivot!AC:AC) -> 0 | BR12: {=SUM(IFERROR(BP12:BQ12,0))} -> 0 | BS12: =_xlfn.XLOOKUP(Summing.bothpivots!A12,PanPivot!A:A,PanPivot!Y:Y) -> 0 | BT12: =_xlfn.XLOOKUP(A12,VacPivot!A:A,VacPivot!AD:AD) -> 2 | BU12: {=SUM(IFERROR(BS12:BT12,0))} -> 2 | BV12: =_xlfn.XLOOKUP(A12,PanPivot!A:A,PanPivot!Z:Z) -> 0 | BW12: =_xlfn.XLOOKUP(A12,VacPivot!A:A,VacPivot!AE:AE) -> 0 | BX12: {=SUM(IFERROR(BV12:BW12,0))} -> 0 | BY12: =_xlfn.XLOOKUP(A12,PanPivot!A:A,PanPivot!AA:AA) -> 0 | BZ12: =_xlfn.XLOOKUP(A12,VacPivot!A:A,VacPivot!AG:AG) -> 1 | CA12: {=SUM(IFERROR(BY12:BZ12,0))} -> 1 | CB12: =_xlfn.XLOOKUP(A12,PanPivot!A:A,PanPivot!AB:AB) -> 0 | CC12: =_xlfn.XLOOKUP(A12,VacPivot!A:A,VacPivot!AH:AH) -> 1 | CD12: {=SUM(IFERROR(CB12:CC12,0))} -> 1 | CE12: =_xlfn.XLOOKUP(A12,PanPivot!A:A,PanPivot!AC:AC) -> 0 | CF12: =_xlfn.XLOOKUP(A12,VacPivot!A:A,VacPivot!AI:AI) -> 2 | CG12: {=SUM(IFERROR(CE12:CF12,0))} -> 2 | CH12: =_xlfn.XLOOKUP(A12,PanPivot!A:A,PanPivot!AD:AD) -> 0 | CI12: =_xlfn.XLOOKUP(A12,VacPivot!A:A,VacPivot!AJ:AJ) -> 2 | CJ12: {=SUM(IFERROR(CH12:CI12,0))} -> 2 | CK12: =_xlfn.XLOOKUP(A12,PanPivot!A:A,PanPivot!AE:AE) -> 0 | CL12: =_xlfn.XLOOKUP(A12,VacPivot!A:A,VacPivot!AL:AL) -> 4 | CM12: {=SUM(IFERROR(CK12:CL12,0))} -> 4 | CN12: =_xlfn.XLOOKUP(A12,PanPivot!A:A,PanPivot!AF:AF) -> 1 | CO12: =_xlfn.XLOOKUP(A12,VacPivot!A:A,VacPivot!AM:AM) -> 3 | CP12: {=SUM(IFERROR(CN12:CO12,0))} -> 4 | CQ12: =_xlfn.XLOOKUP(A12,PanPivot!A:A,PanPivot!AG:AG) -> 0 | CR12: =_xlfn.XLOOKUP(A12,VacPivot!A:A,VacPivot!AN:AN) -> 5 | CS12: {=SUM(IFERROR(CQ12:CR12,0))} -> 5
A13: Anthidium.manicatum | B13: =_xlfn.XLOOKUP(A13,PanPivot!A:A,PanPivot!B:B) -> 0 | C13: =_xlfn.XLOOKUP(A13,VacPivot!A:A,VacPivot!B:B) -> 0 | D13: {=SUM(IFERROR(B13:C13,0))} -> 0 | E13: =_xlfn.XLOOKUP(A13,PanPivot!A:A,PanPivot!C:C) -> 0 | F13: =_xlfn.XLOOKUP(A13,VacPivot!A:A,VacPivot!D:D) -> 0 | G13: {=SUM(IFERROR(E13:F13,0))} -> 0 | H13: =_xlfn.XLOOKUP(A13,PanPivot!A:A,PanPivot!D:D) -> 0 | I13: =_xlfn.XLOOKUP(A13,VacPivot!A:A,VacPivot!E:E) -> 0 | J13: {=SUM(IFERROR(H13:I13,0))} -> 0 | K13: =_xlfn.XLOOKUP(A13,PanPivot!A:A,PanPivot!E:E) -> 0 | L13: =_xlfn.XLOOKUP(Summing.bothpivots!A13,VacPivot!A:A,VacPivot!F:F) -> 0 | M13: {=SUM(IFERROR(K13:L13,0))} -> 0 | N13: =_xlfn.XLOOKUP(A13,PanPivot!A:A,PanPivot!F:F) -> 0 | O13: =_xlfn.XLOOKUP(A13,VacPivot!A:A,VacPivot!AO:AO) -> 0 | P13: {=SUM(IFERROR(N13:O13,0))} -> 0 | Q13: =_xlfn.XLOOKUP(A13,PanPivot!A:A,PanPivot!G:G) -> 1 | R13: =_xlfn.XLOOKUP(A13,VacPivot!A:A,VacPivot!H:H) -> 0 | S13: {=SUM(IFERROR(Q13:R13,0))} -> 1 | T13: =_xlfn.XLOOKUP(A13,PanPivot!A:A,PanPivot!H:H) -> 1 | U13: =_xlfn.XLOOKUP(A13,VacPivot!A:A,VacPivot!I:I) -> 2 | V13: {=SUM(IFERROR(T13:U13,0))} -> 3 | W13: =_xlfn.XLOOKUP(A13,PanPivot!A:A,PanPivot!I:I) -> 0 | X13: =_xlfn.XLOOKUP(A13,VacPivot!A:A,VacPivot!J:J) -> 1 | Y13: {=SUM(IFERROR(W13:X13,0))} -> 1 | Z13: =_xlfn.XLOOKUP(A13,PanPivot!A:A,PanPivot!J:J) -> 0 | AA13: =_xlfn.XLOOKUP(A13,VacPivot!A:A,VacPivot!K:K) -> 0 | AB13: {=SUM(IFERROR(Z13:AA13,0))} -> 0 | AC13: =_xlfn.XLOOKUP(A13,PanPivot!A:A,PanPivot!K:K) -> 0 | AD13: =_xlfn.XLOOKUP(A13,VacPivot!A:A,VacPivot!M:M) -> 1 | AE13: {=SUM(IFERROR(AC13:AD13,0))} -> 1 | AF13: =_xlfn.XLOOKUP(A13,PanPivot!A:A,PanPivot!L:L) -> 0 | AG13: =_xlfn.XLOOKUP(A13,VacPivot!A:A,VacPivot!N:N) -> 0 | AH13: {=SUM(IFERROR(AF13:AG13,0))} -> 0 | AI13: =_xlfn.XLOOKUP(A13,PanPivot!A:A,PanPivot!M:M) -> 0 | AJ13: =_xlfn.XLOOKUP(A13,VacPivot!A:A,VacPivot!O:O) -> 0 | AK13: {=SUM(IFERROR(AI13:AJ13,0))} -> 0 | AL13: =_xlfn.XLOOKUP(A13,PanPivot!A:A,PanPivot!N:N) -> 0 | AM13: =_xlfn.XLOOKUP(A13,VacPivot!A:A,VacPivot!P:P) -> 0 | AN13: {=SUM(IFERROR(AL13:AM13,0))} -> 0 | AO13: =_xlfn.XLOOKUP(A13,PanPivot!A:A,PanPivot!O:O) -> 0 | AP13: =_xlfn.XLOOKUP(A13,VacPivot!A:A,VacPivot!R:R) -> 0 | AQ13: {=SUM(IFERROR(AO13:AP13,0))} -> 0 | AR13: =_xlfn.XLOOKUP(A13,PanPivot!A:A,PanPivot!P:P) -> 0 | AS13: =_xlfn.XLOOKUP(A13,VacPivot!A:A,VacPivot!S:S) -> 1 | AT13: {=SUM(IFERROR(AR13:AS13,0))} -> 1 | AU13: =_xlfn.XLOOKUP(A13,PanPivot!A:A,PanPivot!Q:Q) -> 0 | AV13: =_xlfn.XLOOKUP(A13,VacPivot!A:A,VacPivot!T:T) -> 0 | AW13: {=SUM(IFERROR(AU13:AV13,0))} -> 0 | AX13: =_xlfn.XLOOKUP(A13,PanPivot!A:A,PanPivot!R:R) -> 0 | AY13: =_xlfn.XLOOKUP(A13,VacPivot!A:A,VacPivot!U:U) -> 0 | AZ13: {=SUM(IFERROR(AX13:AY13,0))} -> 0 | BA13: =_xlfn.XLOOKUP(A13,PanPivot!A:A,PanPivot!S:S) -> 1 | BB13: =_xlfn.XLOOKUP(A13,VacPivot!A:A,VacPivot!W:W) -> 0 | BC13: {=SUM(IFERROR(BA13:BB13,0))} -> 1 | BD13: =_xlfn.XLOOKUP(A13,PanPivot!A:A,PanPivot!T:T) -> 0 | BE13: =_xlfn.XLOOKUP(A13,VacPivot!A:A,VacPivot!X:X) -> 0 | BF13: {=SUM(IFERROR(BD13:BE13,0))} -> 0 | BG13: =_xlfn.XLOOKUP(A13,PanPivot!A:A,PanPivot!U:U) -> 0 | BH13: =_xlfn.XLOOKUP(Summing.bothpivots!A13,VacPivot!A:A,VacPivot!Y:Y) -> 0 | BI13: {=SUM(IFERROR(BG13:BH13,0))} -> 0 | BJ13: =_xlfn.XLOOKUP(A13,PanPivot!A:A,PanPivot!V:V) -> 0 | BK13: =_xlfn.XLOOKUP(A13,VacPivot!A:A,VacPivot!Z:Z) -> 0 | BL13: {=SUM(IFERROR(BJ13:BK13,0))} -> 0 | BM13: =_xlfn.XLOOKUP(A13,PanPivot!A:A,PanPivot!W:W) -> 0 | BN13: =_xlfn.XLOOKUP(A13,VacPivot!A:A,VacPivot!AB:AB) -> 0 | BO13: {=SUM(IFERROR(BM13:BN13,0))} -> 0 | BP13: =_xlfn.XLOOKUP(A13,PanPivot!A:A,PanPivot!X:X) -> 0 | BQ13: =_xlfn.XLOOKUP(A13,VacPivot!A:A,VacPivot!AC:AC) -> 0 | BR13: {=SUM(IFERROR(BP13:BQ13,0))} -> 0 | BS13: =_xlfn.XLOOKUP(Summing.bothpivots!A13,PanPivot!A:A,PanPivot!Y:Y) -> 0 | BT13: =_xlfn.XLOOKUP(A13,VacPivot!A:A,VacPivot!AD:AD) -> 0 | BU13: {=SUM(IFERROR(BS13:BT13,0))} -> 0 | BV13: =_xlfn.XLOOKUP(A13,PanPivot!A:A,PanPivot!Z:Z) -> 0 | BW13: =_xlfn.XLOOKUP(A13,VacPivot!A:A,VacPivot!AE:AE) -> 0 | BX13: {=SUM(IFERROR(BV13:BW13,0))} -> 0 | BY13: =_xlfn.XLOOKUP(A13,PanPivot!A:A,PanPivot!AA:AA) -> 1 | BZ13: =_xlfn.XLOOKUP(A13,VacPivot!A:A,VacPivot!AG:AG) -> 0 | CA13: {=SUM(IFERROR(BY13:BZ13,0))} -> 1 | CB13: =_xlfn.XLOOKUP(A13,PanPivot!A:A,PanPivot!AB:AB) -> 0 | CC13: =_xlfn.XLOOKUP(A13,VacPivot!A:A,VacPivot!AH:AH) -> 0 | CD13: {=SUM(IFERROR(CB13:CC13,0))} -> 0 | CE13: =_xlfn.XLOOKUP(A13,PanPivot!A:A,PanPivot!AC:AC) -> 0 | CF13: =_xlfn.XLOOKUP(A13,VacPivot!A:A,VacPivot!AI:AI) -> 0 | CG13: {=SUM(IFERROR(CE13:CF13,0))} -> 0 | CH13: =_xlfn.XLOOKUP(A13,PanPivot!A:A,PanPivot!AD:AD) -> 0 | CI13: =_xlfn.XLOOKUP(A13,VacPivot!A:A,VacPivot!AJ:AJ) -> 0 | CJ13: {=SUM(IFERROR(CH13:CI13,0))} -> 0 | CK13: =_xlfn.XLOOKUP(A13,PanPivot!A:A,PanPivot!AE:AE) -> 0 | CL13: =_xlfn.XLOOKUP(A13,VacPivot!A:A,VacPivot!AL:AL) -> 0 | CM13: {=SUM(IFERROR(CK13:CL13,0))} -> 0 | CN13: =_xlfn.XLOOKUP(A13,PanPivot!A:A,PanPivot!AF:AF) -> 5 | CO13: =_xlfn.XLOOKUP(A13,VacPivot!A:A,VacPivot!AM:AM) -> 0 | CP13: {=SUM(IFERROR(CN13:CO13,0))} -> 5 | CQ13: =_xlfn.XLOOKUP(A13,PanPivot!A:A,PanPivot!AG:AG) -> 1 | CR13: =_xlfn.XLOOKUP(A13,VacPivot!A:A,VacPivot!AN:AN) -> 0 | CS13: {=SUM(IFERROR(CQ13:CR13,0))} -> 1
A14: Anthidium.oblongatum | B14: =_xlfn.XLOOKUP(A14,PanPivot!A:A,PanPivot!B:B) -> 2 | C14: =_xlfn.XLOOKUP(A14,VacPivot!A:A,VacPivot!B:B) -> 4 | D14: {=SUM(IFERROR(B14:C14,0))} -> 6 | E14: =_xlfn.XLOOKUP(A14,PanPivot!A:A,PanPivot!C:C) -> 1 | F14: =_xlfn.XLOOKUP(A14,VacPivot!A:A,VacPivot!D:D) -> 2 | G14: {=SUM(IFERROR(E14:F14,0))} -> 3 | H14: =_xlfn.XLOOKUP(A14,PanPivot!A:A,PanPivot!D:D) -> 0 | I14: =_xlfn.XLOOKUP(A14,VacPivot!A:A,VacPivot!E:E) -> 2 | J14: {=SUM(IFERROR(H14:I14,0))} -> 2 | K14: =_xlfn.XLOOKUP(A14,PanPivot!A:A,PanPivot!E:E) -> 0 | L14: =_xlfn.XLOOKUP(Summing.bothpivots!A14,VacPivot!A:A,VacPivot!F:F) -> 0 | M14: {=SUM(IFERROR(K14:L14,0))} -> 0 | N14: =_xlfn.XLOOKUP(A14,PanPivot!A:A,PanPivot!F:F) -> 0 | O14: =_xlfn.XLOOKUP(A14,VacPivot!A:A,VacPivot!AO:AO) -> 0 | P14: {=SUM(IFERROR(N14:O14,0))} -> 0 | Q14: =_xlfn.XLOOKUP(A14,PanPivot!A:A,PanPivot!G:G) -> 0 | R14: =_xlfn.XLOOKUP(A14,VacPivot!A:A,VacPivot!H:H) -> 0 | S14: {=SUM(IFERROR(Q14:R14,0))} -> 0 | T14: =_xlfn.XLOOKUP(A14,PanPivot!A:A,PanPivot!H:H) -> 0 | U14: =_xlfn.XLOOKUP(A14,VacPivot!A:A,VacPivot!I:I) -> 0 | V14: {=SUM(IFERROR(T14:U14,0))} -> 0 | W14: =_xlfn.XLOOKUP(A14,PanPivot!A:A,PanPivot!I:I) -> 0 | X14: =_xlfn.XLOOKUP(A14,VacPivot!A:A,VacPivot!J:J) -> 0 | Y14: {=SUM(IFERROR(W14:X14,0))} -> 0 | Z14: =_xlfn.XLOOKUP(A14,PanPivot!A:A,PanPivot!J:J) -> 0 | AA14: =_xlfn.XLOOKUP(A14,VacPivot!A:A,VacPivot!K:K) -> 0 | AB14: {=SUM(IFERROR(Z14:AA14,0))} -> 0 | AC14: =_xlfn.XLOOKUP(A14,PanPivot!A:A,PanPivot!K:K) -> 0 | AD14: =_xlfn.XLOOKUP(A14,VacPivot!A:A,VacPivot!M:M) -> 0 | AE14: {=SUM(IFERROR(AC14:AD14,0))} -> 0 | AF14: =_xlfn.XLOOKUP(A14,PanPivot!A:A,PanPivot!L:L) -> 0 | AG14: =_xlfn.XLOOKUP(A14,VacPivot!A:A,VacPivot!N:N) -> 0 | AH14: {=SUM(IFERROR(AF14:AG14,0))} -> 0 | AI14: =_xlfn.XLOOKUP(A14,PanPivot!A:A,PanPivot!M:M) -> 1 | AJ14: =_xlfn.XLOOKUP(A14,VacPivot!A:A,VacPivot!O:O) -> 0 | AK14: {=SUM(IFERROR(AI14:AJ14,0))} -> 1 | AL14: =_xlfn.XLOOKUP(A14,PanPivot!A:A,PanPivot!N:N) -> 2 | AM14: =_xlfn.XLOOKUP(A14,VacPivot!A:A,VacPivot!P:P) -> 13 | AN14: {=SUM(IFERROR(AL14:AM14,0))} -> 15 | AO14: =_xlfn.XLOOKUP(A14,PanPivot!A:A,PanPivot!O:O) -> 1 | AP14: =_xlfn.XLOOKUP(A14,VacPivot!A:A,VacPivot!R:R) -> 7 | AQ14: {=SUM(IFERROR(AO14:AP14,0))} -> 8 | AR14: =_xlfn.XLOOKUP(A14,PanPivot!A:A,PanPivot!P:P) -> 0 | AS14: =_xlfn.XLOOKUP(A14,VacPivot!A:A,VacPivot!S:S) -> 1 | AT14: {=SUM(IFERROR(AR14:AS14,0))} -> 1 | AU14: =_xlfn.XLOOKUP(A14,PanPivot!A:A,PanPivot!Q:Q) -> 1 | AV14: =_xlfn.XLOOKUP(A14,VacPivot!A:A,VacPivot!T:T) -> 4 | AW14: {=SUM(IFERROR(AU14:AV14,0))} -> 5 | AX14: =_xlfn.XLOOKUP(A14,PanPivot!A:A,PanPivot!R:R) -> 2 | AY14: =_xlfn.XLOOKUP(A14,VacPivot!A:A,VacPivot!U:U) -> 0 | AZ14: {=SUM(IFERROR(AX14:AY14,0))} -> 2 | BA14: =_xlfn.XLOOKUP(A14,PanPivot!A:A,PanPivot!S:S) -> 3 | BB14: =_xlfn.XLOOKUP(A14,VacPivot!A:A,VacPivot!W:W) -> 2 | BC14: {=SUM(IFERROR(BA14:BB14,0))} -> 5 | BD14: =_xlfn.XLOOKUP(A14,PanPivot!A:A,PanPivot!T:T) -> 6 | BE14: =_xlfn.XLOOKUP(A14,VacPivot!A:A,VacPivot!X:X) -> 8 | BF14: {=SUM(IFERROR(BD14:BE14,0))} -> 14 | BG14: =_xlfn.XLOOKUP(A14,PanPivot!A:A,PanPivot!U:U) -> 0 | BH14: =_xlfn.XLOOKUP(Summing.bothpivots!A14,VacPivot!A:A,VacPivot!Y:Y) -> 0 | BI14: {=SUM(IFERROR(BG14:BH14,0))} -> 0 | BJ14: =_xlfn.XLOOKUP(A14,PanPivot!A:A,PanPivot!V:V) -> 0 | BK14: =_xlfn.XLOOKUP(A14,VacPivot!A:A,VacPivot!Z:Z) -> 0 | BL14: {=SUM(IFERROR(BJ14:BK14,0))} -> 0 | BM14: =_xlfn.XLOOKUP(A14,PanPivot!A:A,PanPivot!W:W) -> 0 | BN14: =_xlfn.XLOOKUP(A14,VacPivot!A:A,VacPivot!AB:AB) -> 1 | BO14: {=SUM(IFERROR(BM14:BN14,0))} -> 1 | BP14: =_xlfn.XLOOKUP(A14,PanPivot!A:A,PanPivot!X:X) -> 0 | BQ14: =_xlfn.XLOOKUP(A14,VacPivot!A:A,VacPivot!AC:AC) -> 0 | BR14: {=SUM(IFERROR(BP14:BQ14,0))} -> 0 | BS14: =_xlfn.XLOOKUP(Summing.bothpivots!A14,PanPivot!A:A,PanPivot!Y:Y) -> 0 | BT14: =_xlfn.XLOOKUP(A14,VacPivot!A:A,VacPivot!AD:AD) -> 0 | BU14: {=SUM(IFERROR(BS14:BT14,0))} -> 0 | BV14: =_xlfn.XLOOKUP(A14,PanPivot!A:A,PanPivot!Z:Z) -> 0 | BW14: =_xlfn.XLOOKUP(A14,VacPivot!A:A,VacPivot!AE:AE) -> 0 | BX14: {=SUM(IFERROR(BV14:BW14,0))} -> 0 | BY14: =_xlfn.XLOOKUP(A14,PanPivot!A:A,PanPivot!AA:AA) -> 0 | BZ14: =_xlfn.XLOOKUP(A14,VacPivot!A:A,VacPivot!AG:AG) -> 0 | CA14: {=SUM(IFERROR(BY14:BZ14,0))} -> 0 | CB14: =_xlfn.XLOOKUP(A14,PanPivot!A:A,PanPivot!AB:AB) -> 1 | CC14: =_xlfn.XLOOKUP(A14,VacPivot!A:A,VacPivot!AH:AH) -> 10 | CD14: {=SUM(IFERROR(CB14:CC14,0))} -> 11 | CE14: =_xlfn.XLOOKUP(A14,PanPivot!A:A,PanPivot!AC:AC) -> 0 | CF14: =_xlfn.XLOOKUP(A14,VacPivot!A:A,VacPivot!AI:AI) -> 0 | CG14: {=SUM(IFERROR(CE14:CF14,0))} -> 0 | CH14: =_xlfn.XLOOKUP(A14,PanPivot!A:A,PanPivot!AD:AD) -> 1 | CI14: =_xlfn.XLOOKUP(A14,VacPivot!A:A,VacPivot!AJ:AJ) -> 1 | CJ14: {=SUM(IFERROR(CH14:CI14,0))} -> 2 | CK14: =_xlfn.XLOOKUP(A14,PanPivot!A:A,PanPivot!AE:AE) -> 1 | CL14: =_xlfn.XLOOKUP(A14,VacPivot!A:A,VacPivot!AL:AL) -> 0 | CM14: {=SUM(IFERROR(CK14:CL14,0))} -> 1 | CN14: =_xlfn.XLOOKUP(A14,PanPivot!A:A,PanPivot!AF:AF) -> 2 | CO14: =_xlfn.XLOOKUP(A14,VacPivot!A:A,VacPivot!AM:AM) -> 0 | CP14: {=SUM(IFERROR(CN14:CO14,0))} -> 2 | CQ14: =_xlfn.XLOOKUP(A14,PanPivot!A:A,PanPivot!AG:AG) -> 0 | CR14: =_xlfn.XLOOKUP(A14,VacPivot!A:A,VacPivot!AN:AN) -> 0 | CS14: {=SUM(IFERROR(CQ14:CR14,0))} -> 0
... A101: Xylocopa.virginica | B101: =_xlfn.XLOOKUP(A101,PanPivot!A:A,PanPivot!B:B) -> #N/A | C101: =_xlfn.XLOOKUP(A101,VacPivot!A:A,VacPivot!B:B) -> 2 | D101: {=SUM(IFERROR(B101:C101,0))} -> 2 | E101: =_xlfn.XLOOKUP(A101,PanPivot!A:A,PanPivot!C:C) -> #N/A | F101: =_xlfn.XLOOKUP(A101,VacPivot!A:A,VacPivot!D:D) -> 0 | G101: {=SUM(IFERROR(E101:F101,0))} -> 0 | H101: =_xlfn.XLOOKUP(A101,PanPivot!A:A,PanPivot!D:D) -> #N/A | I101: =_xlfn.XLOOKUP(A101,VacPivot!A:A,VacPivot!E:E) -> 1 | J101: {=SUM(IFERROR(H101:I101,0))} -> 1 | K101: =_xlfn.XLOOKUP(A101,PanPivot!A:A,PanPivot!E:E) -> #N/A | L101: =_xlfn.XLOOKUP(Summing.bothpivots!A101,VacPivot!A:A,VacPivot!F:F) -> 0 | M101: {=SUM(IFERROR(K101:L101,0))} -> 0 | N101: =_xlfn.XLOOKUP(A101,PanPivot!A:A,PanPivot!F:F) -> #N/A | O101: =_xlfn.XLOOKUP(A101,VacPivot!A:A,VacPivot!AO:AO) -> 0 | P101: {=SUM(IFERROR(N101:O101,0))} -> 0 | Q101: =_xlfn.XLOOKUP(A101,PanPivot!A:A,PanPivot!G:G) -> #N/A | R101: =_xlfn.XLOOKUP(A101,VacPivot!A:A,VacPivot!H:H) -> 0 | S101: {=SUM(IFERROR(Q101:R101,0))} -> 0 | T101: =_xlfn.XLOOKUP(A101,PanPivot!A:A,PanPivot!H:H) -> #N/A | U101: =_xlfn.XLOOKUP(A101,VacPivot!A:A,VacPivot!I:I) -> 0 | V101: {=SUM(IFERROR(T101:U101,0))} -> 0 | W101: =_xlfn.XLOOKUP(A101,PanPivot!A:A,PanPivot!I:I) -> #N/A | X101: =_xlfn.XLOOKUP(A101,VacPivot!A:A,VacPivot!J:J) -> 0 | Y101: {=SUM(IFERROR(W101:X101,0))} -> 0 | Z101: =_xlfn.XLOOKUP(A101,PanPivot!A:A,PanPivot!J:J) -> #N/A | AA101: =_xlfn.XLOOKUP(A101,VacPivot!A:A,VacPivot!K:K) -> 0 | AB101: {=SUM(IFERROR(Z101:AA101,0))} -> 0 | AC101: =_xlfn.XLOOKUP(A101,PanPivot!A:A,PanPivot!K:K) -> #N/A | AD101: =_xlfn.XLOOKUP(A101,VacPivot!A:A,VacPivot!M:M) -> 1 | AE101: {=SUM(IFERROR(AC101:AD101,0))} -> 1 | AF101: =_xlfn.XLOOKUP(A101,PanPivot!A:A,PanPivot!L:L) -> #N/A | AG101: =_xlfn.XLOOKUP(A101,VacPivot!A:A,VacPivot!N:N) -> 0 | AH101: {=SUM(IFERROR(AF101:AG101,0))} -> 0 | AI101: =_xlfn.XLOOKUP(A101,PanPivot!A:A,PanPivot!M:M) -> #N/A | AJ101: =_xlfn.XLOOKUP(A101,VacPivot!A:A,VacPivot!O:O) -> 0 | AK101: {=SUM(IFERROR(AI101:AJ101,0))} -> 0 | AL101: =_xlfn.XLOOKUP(A101,PanPivot!A:A,PanPivot!N:N) -> #N/A | AM101: =_xlfn.XLOOKUP(A101,VacPivot!A:A,VacPivot!P:P) -> 0 | AN101: {=SUM(IFERROR(AL101:AM101,0))} -> 0 | AO101: =_xlfn.XLOOKUP(A101,PanPivot!A:A,PanPivot!O:O) -> #N/A | AP101: =_xlfn.XLOOKUP(A101,VacPivot!A:A,VacPivot!R:R) -> 0 | AQ101: {=SUM(IFERROR(AO101:AP101,0))} -> 0 | AR101: =_xlfn.XLOOKUP(A101,PanPivot!A:A,PanPivot!P:P) -> #N/A | AS101: =_xlfn.XLOOKUP(A101,VacPivot!A:A,VacPivot!S:S) -> 0 | AT101: {=SUM(IFERROR(AR101:AS101,0))} -> 0 | AU101: =_xlfn.XLOOKUP(A101,PanPivot!A:A,PanPivot!Q:Q) -> #N/A | AV101: =_xlfn.XLOOKUP(A101,VacPivot!A:A,VacPivot!T:T) -> 0 | AW101: {=SUM(IFERROR(AU101:AV101,0))} -> 0 | AX101: =_xlfn.XLOOKUP(A101,PanPivot!A:A,PanPivot!R:R) -> #N/A | AY101: =_xlfn.XLOOKUP(A101,VacPivot!A:A,VacPivot!U:U) -> 1 | AZ101: {=SUM(IFERROR(AX101:AY101,0))} -> 1 | BA101: =_xlfn.XLOOKUP(A101,PanPivot!A:A,PanPivot!S:S) -> #N/A | BB101: =_xlfn.XLOOKUP(A101,VacPivot!A:A,VacPivot!W:W) -> 3 | BC101: {=SUM(IFERROR(BA101:BB101,0))} -> 3 | BD101: =_xlfn.XLOOKUP(A101,PanPivot!A:A,PanPivot!T:T) -> #N/A | BE101: =_xlfn.XLOOKUP(A101,VacPivot!A:A,VacPivot!X:X) -> 2 | BF101: {=SUM(IFERROR(BD101:BE101,0))} -> 2 | BG101: =_xlfn.XLOOKUP(A101,PanPivot!A:A,PanPivot!U:U) -> #N/A | BH101: =_xlfn.XLOOKUP(Summing.bothpivots!A101,VacPivot!A:A,VacPivot!Y:Y) -> 0 | BI101: {=SUM(IFERROR(BG101:BH101,0))} -> 0 | BJ101: =_xlfn.XLOOKUP(A101,PanPivot!A:A,PanPivot!V:V) -> #N/A | BK101: =_xlfn.XLOOKUP(A101,VacPivot!A:A,VacPivot!Z:Z) -> 0 | BL101: {=SUM(IFERROR(BJ101:BK101,0))} -> 0 | BM101: =_xlfn.XLOOKUP(A101,PanPivot!A:A,PanPivot!W:W) -> #N/A | BN101: =_xlfn.XLOOKUP(A101,VacPivot!A:A,VacPivot!AB:AB) -> 0 | BO101: {=SUM(IFERROR(BM101:BN101,0))} -> 0 | BP101: =_xlfn.XLOOKUP(A101,PanPivot!A:A,PanPivot!X:X) -> #N/A | BQ101: =_xlfn.XLOOKUP(A101,VacPivot!A:A,VacPivot!AC:AC) -> 0 | BR101: {=SUM(IFERROR(BP101:BQ101,0))} -> 0 | BS101: =_xlfn.XLOOKUP(Summing.bothpivots!A101,PanPivot!A:A,PanPivot!Y:Y) -> #N/A | BT101: =_xlfn.XLOOKUP(A101,VacPivot!A:A,VacPivot!AD:AD) -> 0 | BU101: {=SUM(IFERROR(BS101:BT101,0))} -> 0 | BV101: =_xlfn.XLOOKUP(A101,PanPivot!A:A,PanPivot!Z:Z) -> #N/A | BW101: =_xlfn.XLOOKUP(A101,VacPivot!A:A,VacPivot!AE:AE) -> 1 | BX101: {=SUM(IFERROR(BV101:BW101,0))} -> 1 | BY101: =_xlfn.XLOOKUP(A101,PanPivot!A:A,PanPivot!AA:AA) -> #N/A | BZ101: =_xlfn.XLOOKUP(A101,VacPivot!A:A,VacPivot!AG:AG) -> 0 | CA101: {=SUM(IFERROR(BY101:BZ101,0))} -> 0 | CB101: =_xlfn.XLOOKUP(A101,PanPivot!A:A,PanPivot!AB:AB) -> #N/A | CC101: =_xlfn.XLOOKUP(A101,VacPivot!A:A,VacPivot!AH:AH) -> 0 | CD101: {=SUM(IFERROR(CB101:CC101,0))} -> 0 | CE101: =_xlfn.XLOOKUP(A101,PanPivot!A:A,PanPivot!AC:AC) -> #N/A | CF101: =_xlfn.XLOOKUP(A101,VacPivot!A:A,VacPivot!AI:AI) -> 2 | CG101: {=SUM(IFERROR(CE101:CF101,0))} -> 2 | CH101: =_xlfn.XLOOKUP(A101,PanPivot!A:A,PanPivot!AD:AD) -> #N/A | CI101: =_xlfn.XLOOKUP(A101,VacPivot!A:A,VacPivot!AJ:AJ) -> 1 | CJ101: {=SUM(IFERROR(CH101:CI101,0))} -> 1 | CK101: =_xlfn.XLOOKUP(A101,PanPivot!A:A,PanPivot!AE:AE) -> #N/A | CL101: =_xlfn.XLOOKUP(A101,VacPivot!A:A,VacPivot!AL:AL) -> 0 | CM101: {=SUM(IFERROR(CK101:CL101,0))} -> 0 | CN101: =_xlfn.XLOOKUP(A101,PanPivot!A:A,PanPivot!AF:AF) -> #N/A | CO101: =_xlfn.XLOOKUP(A101,VacPivot!A:A,VacPivot!AM:AM) -> 1 | CP101: {=SUM(IFERROR(CN101:CO101,0))} -> 1 | CQ101: =_xlfn.XLOOKUP(A101,PanPivot!A:A,PanPivot!AG:AG) -> #N/A | CR101: =_xlfn.XLOOKUP(A101,VacPivot!A:A,VacPivot!AN:AN) -> 0 | CS101: {=SUM(IFERROR(CQ101:CR101,0))} -> 0

Sheet VacPivot
A3: Sum of number | B3: Column Labels
A4: Row Labels | B4: BU1 | C4: BU2 | D4: BU4 | E4: BU6 | F4: BU8 | G4: CE2 | H4: CE4 | I4: CE6 | J4: CE8 | K4: DS1 | L4: DS2 | M4: DS4 | N4: DS6 | O4: DS8 | P4: FA1 | Q4: FA2 | R4: FA4 | S4: FA6 | T4: FA8 | U4: GL1 | V4: GL2 | W4: GL4 | X4: GL6 | Y4: GL8 | Z4: HO1 | AA4: HO2 | AB4: HO4 | AC4: HO6 | AD4: HO8 | AE4: SV1 | AF4: SV2 | AG4: SV4 | AH4: SV6 | AI4: SV8 | AJ4: TR1 | AK4: TR2 | AL4: TR4 | AM4: TR6 | AN4: TR8 | AO4: (blank) | AP4: Grand Total
A5: Agapostemon.sericeus | I5: 1 | S5: 2 | T5: 2 | V5: 1 | W5: 3 | AA5: 3 | AE5: 1 | AP5: 13
A6: Agapostemon.spp. | AA6: 1 | AP6: 1
A7: Agapostemon.texanus | G7: 1 | I7: 4 | J7: 1 | S7: 1 | T7: 1 | W7: 1 | X7: 1 | Y7: 1 | Z7: 1 | AD7: 1 | AI7: 1 | AJ7: 2 | AM7: 1 | AP7: 17
A8: Agapostemon.virescens | B8: 1 | C8: 1 | E8: 2 | F8: 4 | G8: 7 | H8: 16 | I8: 5 | J8: 2 | M8: 10 | O8: 1 | P8: 1 | Q8: 2 | R8: 1 | S8: 1 | T8: 2 | U8: 1 | Y8: 1 | Z8: 5 | AA8: 3 | AB8: 6 | AC8: 1 | AD8: 1 | AE8: 6 | AI8: 1 | AJ8: 10 | AK8: 7 | AN8: 2 | AP8: 100
A9: Andrena.alleghaniensis | W9: 1 | AP9: 1
A10: Andrena.asteris | E10: 1 | AP10: 1
A11: Andrena.vicina | X11: 1 | AP11: 1
A12: Andrena.wilkella | B12: 2 | C12: 2 | E12: 3 | H12: 2 | J12: 2 | O12: 1 | S12: 3 | T12: 2 | W12: 2 | X12: 1 | Y12: 1 | Z12: 3 | AB12: 1 | AD12: 2 | AF12: 1 | AG12: 1 | AH12: 1 | AI12: 2 | AJ12: 2 | AK12: 1 | AL12: 4 | AM12: 3 | AN12: 5 | AP12: 47
A13: Anthidium.manicatum | C13: 1 | I13: 2 | J13: 1 | M13: 1 | S13: 1 | AP13: 6
A14: Anthidium.oblongatum | B14: 4 | C14: 6 | D14: 2 | E14: 2 | P14: 13 | R14: 7 | S14: 1 | T14: 4 | W14: 2 | X14: 8 | AA14: 1 | AB14: 1 | AH14: 10 | AJ14: 1 | AP14: 62
A15: Anthophora.terminalis | U15: 2 | AP15: 2
A16: Apis.mellifera | B16: 19 | C16: 11 | D16: 13 | E16: 30 | F16: 2 | H16: 2 | I16: 5 | K16: 2 | M16: 29 | N16: 5 | O16: 10 | P16: 7 | Q16: 1 | R16: 1 | S16: 8 | T16: 5 | W16: 1 | X16: 9 | Y16: 2 | Z16: 4 | AA16: 1 | AB16: 2 | AC16: 3 | AD16: 14 | AG16: 2 | AH16: 3 | AI16: 4 | AJ16: 2 | AK16: 3 | AL16: 5 | AM16: 12 | AN16: 24 | AP16: 241
A17: Augochlora.pura | B17: 6 | E17: 1 | F17: 3 | J17: 2 | M17: 2 | S17: 1 | AE17: 5 | AG17: 1 | AP17: 21
A18: Augochlorella.aurata | K18: 1 | AE18: 1 | AG18: 1 | AP18: 3
A19: Bombus.bimaculatus | B19: 2 | D19: 1 | G19: 1 | H19: 1 | J19: 1 | L19: 3 | N19: 1 | O19: 1 | P19: 1 | T19: 1 | X19: 2 | Y19: 2 | AE19: 2 | AI19: 1 | AJ19: 1 | AM19: 1 | AN19: 1 | AP19: 23
A20: Bombus.fervidus | B20: 1 | D20: 4 | H20: 4 | I20: 4 | J20: 10 | K20: 1 | L20: 1 | M20: 7 | N20: 2 | O20: 6 | P20: 3 | R20: 2 | S20: 5 | T20: 1 | W20: 2 | X20: 2 | Y20: 7 | Z20: 3 | AB20: 5 | AC20: 2 | AE20: 3 | AG20: 5 | AI20: 5 | AJ20: 2 | AL20: 1 | AM20: 2 | AN20: 7 | AP20: 97
A21: Bombus.griseocollis | B21: 1 | C21: 1 | D21: 3 | G21: 2 | H21: 1 | I21: 2 | J21: 8 | K21: 1 | M21: 7 | O21: 1 | S21: 3 | T21: 2 | W21: 7 | X21: 4 | Y21: 3 | AB21: 2 | AC21: 2 | AD21: 5 | AG21: 3 | AI21: 1 | AJ21: 1 | AK21: 1 | AL21: 1 | AM21: 5 | AN21: 8 | AP21: 75
A22: Bombus.impatiens | B22: 9 | C22: 4 | D22: 17 | E22: 8 | F22: 1 | G22: 4 | H22: 1 | J22: 6 | K22: 7 | M22: 3 | N22: 1 | O22: 2 | P22: 2 | R22: 1 | S22: 1 | T22: 5 | W22: 6 | X22: 3 | Y22: 1 | AB22: 1 | AC22: 2 | AD22: 1 | AE22: 3 | AG22: 19 | AH22: 2 | AI22: 7 | AK22: 5 | AL22: 3 | AM22: 9 | AN22: 12 | AP22: 146
A23: Bombus.vagans | B23: 2 | D23: 2 | E23: 1 | P23: 1 | S23: 2 | T23: 3 | W23: 1 | X23: 2 | Y23: 2 | AB23: 1 | AI23: 1 | AK23: 1 | AP23: 19
A24: Calliopsis.andreniformis | J24: 1 | R24: 2 | AP24: 3
A25: Ceratina.calcarata | B25: 7 | C25: 1 | D25: 2 | E25: 19 | F25: 28 | H25: 6 | J25: 10 | M25: 9 | N25: 1 | O25: 1 | P25: 1 | Q25: 10 | R25: 1 | S25: 1 | T25: 7 | X25: 4 | Y25: 3 | AA25: 4 | AB25: 3 | AC25: 14 | AD25: 12 | AE25: 7 | AF25: 5 | AG25: 1 | AH25: 6 | AI25: 1 | AJ25: 1 | AK25: 1 | AP25: 166
A26: Ceratina.strenua | T26: 1 | AP26: 1
A27: Colletes.compactus | AG27: 5 | AP27: 5
A28: Halictus.confusus | B28: 1 | C28: 2 | F28: 4 | H28: 6 | I28: 1 | M28: 1 | O28: 1 | P28: 1 | Y28: 1 | Z28: 1 | AC28: 3 | AG28: 1 | AI28: 2 | AJ28: 1 | AN28: 1 | AP28: 27
A29: Halictus.ligatus | E29: 1 | H29: 1 | J29: 3 | M29: 2 | N29: 2 | S29: 3 | W29: 1 | Z29: 1 | AB29: 1 | AC29: 2 | AD29: 4 | AE29: 1 | AG29: 2 | AI29: 4 | AP29: 28
A30: Halictus.rubicundus | B30: 2 | H30: 1 | P30: 1 | AA30: 1 | AP30: 5
A31: Halictus.spp. | B31: 1 | O31: 1 | X31: 1 | AN31: 1 | AP31: 4
A32: Heriades.carinata | C32: 1 | M32: 1 | X32: 1 | AC32: 1 | AG32: 1 | AI32: 1 | AM32: 1 | AP32: 7
A33: Hylaeus.fedorica | C33: 1 | F33: 4 | J33: 1 | S33: 1 | AP33: 7
A34: Hylaeus.hyalinatus | C34: 1 | D34: 4 | E34: 4 | F34: 9 | I34: 3 | P34: 4 | R34: 3 | S34: 4 | W34: 1 | X34: 2 | AC34: 1 | AD34: 1 | AE34: 1 | AF34: 1 | AM34: 7 | AN34: 5 | AP34: 51
A35: Hylaeus.leptocephalus | E35: 2 | I35: 1 | M35: 2 | P35: 1 | S35: 1 | AM35: 1 | AN35: 1 | AP35: 9
A36: Hylaeus.mesillae | E36: 1 | F36: 5 | I36: 1 | J36: 3 | P36: 1 | R36: 1 | W36: 1 | AC36: 1 | AE36: 1 | AM36: 1 | AN36: 3 | AP36: 19
A37: Hylaeus.pictipes | C37: 1 | D37: 3 | E37: 2 | F37: 2 | I37: 1 | M37: 1 | P37: 3 | S37: 1 | W37: 1 | X37: 3 | AC37: 3 | AD37: 2 | AG37: 2 | AM37: 6 | AN37: 2 | AP37: 33
A38: Hylaeus.spp. | E38: 1 | AP38: 1
A39: Lasioglossum.coriaceum | F39: 2 | AE39: 1 | AP39: 3
A40: Megachile.addenda | AG40: 1 | AP40: 1
A41: Megachile.brevis | X41: 1 | AP41: 1
A42: Megachile.campanulae | B42: 3 | C42: 3 | AP42: 6
A43: Megachile.centuncularis | B43: 1 | C43: 1 | E43: 2 | H43: 2 | I43: 3 | J43: 2 | M43: 2 | O43: 1 | P43: 4 | X43: 2 | AA43: 2 | AD43: 1 | AG43: 1 | AH43: 1 | AM43: 1 | AP43: 26
A44: Megachile.frigida | B44: 5 | C44: 3 | K44: 1 | AH44: 1 | AL44: 1 | AN44: 1 | AP44: 12
A45: Megachile.mendica | B45: 1 | F45: 1 | K45: 1 | M45: 2 | S45: 1 | T45: 1 | Z45: 1 | AG45: 1 | AI45: 1 | AN45: 1 | AP45: 11
A46: Megachile.mucida | E46: 1 | AP46: 1
A47: Megachile.rotundata | B47: 2 | C47: 5 | D47: 6 | E47: 2 | F47: 5 | H47: 1 | M47: 1 | P47: 5 | R47: 3 | S47: 4 | T47: 2 | W47: 1 | X47: 3 | Y47: 1 | AB47: 1 | AC47: 2 | AD47: 2 | AE47: 1 | AF47: 1 | AG47: 1 | AH47: 2 | AI47: 1 | AL47: 1 | AM47: 2 | AP47: 55
A48: Megachile.sculpturalis | C48: 1 | AP48: 1
A49: Megachile.texana | I49: 1 | AM49: 1 | AP49: 2
A50: Melissodes.agilis | AA50: 1 | AM50: 1 | AP50: 2
A51: Melissodes.bimaculatus | H51: 2 | M51: 1 | N51: 1 | R51: 1 | S51: 1 | AC51: 1 | AE51: 1 | AJ51: 3 | AK51: 2 | AM51: 9 | AN51: 1 | AP51: 23
A52: Melissodes.subillatus | M52: 1 | N52: 1 | X52: 1 | AI52: 2 | AN52: 1 | AP52: 6
A53: Nomada.pygmaea | W53: 1 | AP53: 1
A54: Osmia.caerulescens | F54: 1 | I54: 1 | N54: 1 | Y54: 1 | AA54: 1 | AH54: 1 | AI54: 1 | AM54: 1 | AP54: 8
A55: Osmia.georgica | Y55: 1 | AP55: 1
A56: Osmia.pumila | J56: 1 | X56: 1 | AB56: 1 | AP56: 3
A57: Peponapis.pruinosa | M57: 1 | AK57: 1 | AP57: 2
A58: Pseudoanthidium.nanum | F58: 1 | AG58: 1 | AP58: 2
A59: Sphecodes.spp. | I59: 1 | R59: 1 | AP59: 2
A60: Stelis.louisae | F60: 1 | AP60: 1
A61: Triepeolus.lunatus | S61: 1 | X61: 3 | AI61: 1 | AP61: 5
A62: Xylocopa.virginica | B62: 2 | C62: 2 | E62: 1 | G62: 1 | M62: 1 | U62: 1 | W62: 3 | X62: 2 | AE62: 1 | AI62: 2 | AJ62: 1 | AM62: 1 | AP62: 18
A63: (blank)
A64: Coelioxys.alternatus | AC64: 1 | AP64: 1
A65: Hylaeus.affinismodestus | C65: 4 | E65: 5 | F65: 14 | G65: 1 | I65: 3 | J65: 7 | N65: 6 | P65: 6 | R65: 5 | S65: 11 | T65: 7 | W65: 1 | X65: 2 | Y65: 1 | AC65: 6 | AE65: 1 | AF65: 5 | AG65: 4 | AH65: 2 | AM65: 6 | AN65: 8 | AP65: 105
A66: Lasioglossum.ephialtum | K66: 3 | O66: 2 | S66: 2 | T66: 1 | Y66: 1 | AI66: 2 | AM66: 3 | AP66: 14
A67: Lasioglossum.illinoense | T67: 1 | AP67: 1
A68: Lasioglossum.imitatum | B68: 1 | E68: 1 | F68: 1 | J68: 1 | M68: 1 | N68: 3 | P68: 2 | S68: 2 | V68: 1 | AC68: 1 | AE68: 2 | AF68: 2 | AH68: 2 | AI68: 2 | AL68: 1 | AM68: 2 | AN68: 3 | AP68: 28
A69: Lasioglossum.lineatulum | D69: 1 | I69: 1 | AP69: 2
A70: Lasioglossum.pilosum | H70: 1 | J70: 1 | R70: 1 | S70: 2 | X70: 1 | Z70: 2 | AA70: 1 | AC70: 2 | AI70: 4 | AP70: 15
A71: Lasioglossum.spp. | B71: 1 | C71: 1 | D71: 1 | E71: 2 | F71: 3 | G71: 4 | H71: 5 | J71: 1 | K71: 3 | M71: 2 | N71: 2 | P71: 2 | R71: 4 | X71: 3 | Z71: 1 | AA71: 2 | AC71: 1 | AD71: 1 | AE71: 2 | AF71: 1 | AG71: 2 | AI71: 4 | AJ71: 1 | AM71: 6 | AN71: 2 | AP71: 57
A72: Lasioglossum.bruneri | AM72: 1 | AP72: 1
A73: Lasioglossum.cattellae | C73: 1 | D73: 1 | AP73: 2
A74: Lasioglossum.hitchensi | AM74: 1 | AP74: 1
A75: Lasioglossum.laevissimum | B75: 1 | C75: 1 | AM75: 1 | AP75: 3
A76: Lasioglossum.tegulare | K76: 1 | AP76: 1
A77: Lasioglossum.versatum | AM77: 1 | AP77: 1
A78: Lasioglossum.pectorale | H78: 1 | J78: 3 | AI78: 4 | AJ78: 1 | AK78: 1 | AM78: 1 | AP78: 11
A79: Lasioglossum.lionotus | C79: 1 | AP79: 1
A80: Lasioglossum.smilacinae | B80: 1 | AE80: 1 | AK80: 1 | AN80: 1 | AP80: 4
A81: Grand Total | B81: 76 | C81: 56 | D81: 60 | E81: 92 | F81: 91 | G81: 21 | H81: 53 | I81: 40 | J81: 67 | K81: 21 | L81: 4 | M81: 87 | N81: 26 | O81: 28 | P81: 59 | Q81: 13 | R81: 34 | S81: 64 | T81: 48 | U81: 4 | V81: 2 | W81: 36 | X81: 63 | Y81: 29 | Z81: 22 | AA81: 21 | AB81: 25 | AC81: 49 | AD81: 47 | AE81: 41 | AF81: 16 | AG81: 55 | AH81: 31 | AI81: 55 | AJ81: 29 | AK81: 24 | AL81: 17 | AM81: 87 | AN81: 90 | AP81: 1683

Sheet PanPivot
A1: Site | B1: BU1 | C1: BU4 | D1: BU6 | E1: BU8 | F1: CE1 | G1: CE4 | H1: CE6 | I1: CE8 | J1: DS1 | K1: DS4 | L1: DS6 | M1: DS8 | N1: FA1 | O1: FA4 | P1: FA6 | Q1: FA8 | R1: GL1 | S1: GL4 | T1: GL6 | U1: GL8 | V1: HO1 | W1: HO4 | X1: HO6 | Y1: HO8 | Z1: SV1 | AA1: SV4 | AB1: SV6 | AC1: SV8 | AD1: TR1 | AE1: TR4 | AF1: TR6 | AG1: TR8
A2: Agapostemon.sericeus | B2: 0 | C2: 0 | D2: 0 | E2: 0 | F2: 1 | G2: 0 | H2: 0 | I2: 0 | J2: 0 | K2: 0 | L2: 0 | M2: 0 | N2: 0 | O2: 0 | P2: 0 | Q2: 0 | R2: 0 | S2: 2 | T2: 1 | U2: 0 | V2: 0 | W2: 2 | X2: 0 | Y2: 0 | Z2: 0 | AA2: 0 | AB2: 0 | AC2: 0 | AD2: 0 | AE2: 0 | AF2: 0 | AG2: 0
A3: Agapostemon.texanus | B3: 0 | C3: 0 | D3: 0 | E3: 0 | F3: 0 | G3: 6 | H3: 2 | I3: 0 | J3: 0 | K3: 0 | L3: 0 | M3: 0 | N3: 0 | O3: 1 | P3: 0 | Q3: 0 | R3: 0 | S3: 0 | T3: 0 | U3: 1 | V3: 0 | W3: 0 | X3: 2 | Y3: 0 | Z3: 0 | AA3: 0 | AB3: 0 | AC3: 0 | AD3: 0 | AE3: 0 | AF3: 0 | AG3: 0
A4: Agapostemon.virescens | B4: 0 | C4: 0 | D4: 0 | E4: 0 | F4: 3 | G4: 1 | H4: 2 | I4: 0 | J4: 0 | K4: 1 | L4: 0 | M4: 0 | N4: 0 | O4: 0 | P4: 0 | Q4: 0 | R4: 0 | S4: 3 | T4: 0 | U4: 0 | V4: 0 | W4: 0 | X4: 1 | Y4: 0 | Z4: 0 | AA4: 1 | AB4: 0 | AC4: 0 | AD4: 2 | AE4: 0 | AF4: 1 | AG4: 0
A5: Andrena.alleghaniensis | B5: 0 | C5: 0 | D5: 0 | E5: 0 | F5: 1 | G5: 0 | H5: 0 | I5: 0 | J5: 0 | K5: 0 | L5: 0 | M5: 0 | N5: 0 | O5: 0 | P5: 0 | Q5: 0 | R5: 2 | S5: 0 | T5: 0 | U5: 0 | V5: 0 | W5: 0 | X5: 0 | Y5: 1 | Z5: 0 | AA5: 0 | AB5: 0 | AC5: 0 | AD5: 0 | AE5: 0 | AF5: 0 | AG5: 0
A6: Andrena.commoda | B6: 0 | C6: 0 | D6: 0 | E6: 0 | F6: 0 | G6: 0 | H6: 0 | I6: 0 | J6: 0 | K6: 0 | L6: 0 | M6: 0 | N6: 0 | O6: 0 | P6: 0 | Q6: 0 | R6: 0 | S6: 1 | T6: 0 | U6: 0 | V6: 0 | W6: 0 | X6: 0 | Y6: 0 | Z6: 0 | AA6: 0 | AB6: 0 | AC6: 0 | AD6: 0 | AE6: 0 | AF6: 0 | AG6: 0
A7: Andrena.miserabilis | B7: 0 | C7: 0 | D7: 0 | E7: 0 | F7: 1 | G7: 0 | H7: 0 | I7: 0 | J7: 0 | K7: 0 | L7: 0 | M7: 0 | N7: 0 | O7: 0 | P7: 0 | Q7: 0 | R7: 0 | S7: 0 | T7: 0 | U7: 0 | V7: 0 | W7: 0 | X7: 0 | Y7: 0 | Z7: 0 | AA7: 0 | AB7: 0 | AC7: 0 | AD7: 0 | AE7: 0 | AF7: 0 | AG7: 0
A8: Andrena.nasonii | B8: 0 | C8: 0 | D8: 0 | E8: 0 | F8: 0 | G8: 0 | H8: 0 | I8: 0 | J8: 0 | K8: 0 | L8: 0 | M8: 0 | N8: 0 | O8: 0 | P8: 0 | Q8: 0 | R8: 1 | S8: 12 | T8: 0 | U8: 0 | V8: 0 | W8: 0 | X8: 0 | Y8: 0 | Z8: 0 | AA8: 0 | AB8: 0 | AC8: 0 | AD8: 0 | AE8: 0 | AF8: 0 | AG8: 0
A9: Andrena.vicina | B9: 0 | C9: 0 | D9: 0 | E9: 0 | F9: 0 | G9: 0 | H9: 0 | I9: 0 | J9: 0 | K9: 0 | L9: 0 | M9: 0 | N9: 0 | O9: 0 | P9: 0 | Q9: 0 | R9: 0 | S9: 1 | T9: 0 | U9: 0 | V9: 0 | W9: 0 | X9: 0 | Y9: 0 | Z9: 0 | AA9: 0 | AB9: 0 | AC9: 0 | AD9: 0 | AE9: 0 | AF9: 0 | AG9: 0
A10: Andrena.wilkella | B10: 0 | C10: 0 | D10: 1 | E10: 0 | F10: 2 | G10: 10 | H10: 4 | I10: 0 | J10: 1 | K10: 1 | L10: 1 | M10: 0 | N10: 0 | O10: 0 | P10: 0 | Q10: 0 | R10: 0 | S10: 0 | T10: 4 | U10: 7 | V10: 0 | W10: 1 | X10: 0 | Y10: 0 | Z10: 0 | AA10: 0 | AB10: 0 | AC10: 0 | AD10: 0 | AE10: 0 | AF10: 1 | AG10: 0
A11: Anthidium.manicatum | B11: 0 | C11: 0 | D11: 0 | E11: 0 | F11: 0 | G11: 1 | H11: 1 | I11: 0 | J11: 0 | K11: 0 | L11: 0 | M11: 0 | N11: 0 | O11: 0 | P11: 0 | Q11: 0 | R11: 0 | S11: 1 | T11: 0 | U11: 0 | V11: 0 | W11: 0 | X11: 0 | Y11: 0 | Z11: 0 | AA11: 1 | AB11: 0 | AC11: 0 | AD11: 0 | AE11: 0 | AF11: 5 | AG11: 1
A12: Anthidium.oblongatum | B12: 2 | C12: 1 | D12: 0 | E12: 0 | F12: 0 | G12: 0 | H12: 0 | I12: 0 | J12: 0 | K12: 0 | L12: 0 | M12: 1 | N12: 2 | O12: 1 | P12: 0 | Q12: 1 | R12: 2 | S12: 3 | T12: 6 | U12: 0 | V12: 0 | W12: 0 | X12: 0 | Y12: 0 | Z12: 0 | AA12: 0 | AB12: 1 | AC12: 0 | AD12: 1 | AE12: 1 | AF12: 2 | AG12: 0
A13: Anthophora.terminalis | B13: 0 | C13: 1 | D13: 2 | E13: 0 | F13: 0 | G13: 0 | H13: 0 | I13: 0 | J13: 0 | K13: 1 | L13: 3 | M13: 0 | N13: 0 | O13: 0 | P13: 0 | Q13: 0 | R13: 0 | S13: 0 | T13: 0 | U13: 0 | V13: 0 | W13: 1 | X13: 0 | Y13: 0 | Z13: 0 | AA13: 0 | AB13: 0 | AC13: 0 | AD13: 0 | AE13: 0 | AF13: 0 | AG13: 0
... A30: Hoplitis.producta | B30: 1 | C30: 1 | D30: 0 | E30: 0 | F30: 0 | G30: 0 | H30: 0 | I30: 0 | J30: 0 | K30: 0 | L30: 0 | M30: 0 | N30: 0 | O30: 0 | P30: 0 | Q30: 0 | R30: 0 | S30: 0 | T30: 0 | U30: 1 | V30: 1 | W30: 2 | X30: 0 | Y30: 0 | Z30: 0 | AA30: 0 | AB30: 0 | AC30: 0 | AD30: 0 | AE30: 0 | AF30: 0 | AG30: 0
A31: Hylaeus.affinismodestus | B31: =B32+B38 -> 3 | C31: =C32+C38 -> 1 | D31: =D32+D38 -> 8 | E31: =E32+E38 -> 5 | F31: =F32+F38 -> 1 | G31: =G32+G38 -> 0 | H31: =H32+H38 -> 1 | I31: =I32+I38 -> 1 | ... AG31: =AG32+AG38 -> 0
A32: Hylaeus.old./affinismodestus | B32: 3 | C32: 1 | D32: 6 | E32: 4 | F32: 1 | G32: 0 | H32: 1 | I32: 1 | J32: 0 | K32: 0 | L32: 1 | M32: 0 | N32: 4 | O32: 1 | P32: 5 | Q32: 1 | R32: 2 | S32: 1 | T32: 0 | U32: 1 | V32: 0 | W32: 0 | X32: 2 | Y32: 0 | Z32: 3 | AA32: 1 | AB32: 0 | AC32: 0 | AD32: 1 | AE32: 5 | AF32: 2 | AG32: 0
A33: Hylaeus.annulatus | B33: 0 | C33: 0 | D33: 0 | E33: 0 | F33: 0 | G33: 0 | H33: 0 | I33: 0 | J33: 0 | K33: 0 | L33: 0 | M33: 0 | N33: 0 | O33: 0 | P33: 0 | Q33: 0 | R33: 0 | S33: 0 | T33: 0 | U33: 1 | V33: 0 | W33: 0 | X33: 0 | Y33: 0 | Z33: 0 | AA33: 0 | AB33: 0 | AC33: 0 | AD33: 0 | AE33: 0 | AF33: 0 | AG33: 0
A34: Hylaeus.fedorica | B34: 0 | C34: 0 | D34: 0 | E34: 0 | F34: 0 | G34: 0 | H34: 0 | I34: 0 | J34: 0 | K34: 0 | L34: 0 | M34: 0 | N34: 0 | O34: 0 | P34: 0 | Q34: 0 | R34: 0 | S34: 0 | T34: 0 | U34: 0 | V34: 0 | W34: 0 | X34: 1 | Y34: 0 | Z34: 0 | AA34: 0 | AB34: 0 | AC34: 0 | AD34: 0 | AE34: 0 | AF34: 0 | AG34: 0
A35: Hylaeus.hyalinatus | B35: 6 | C35: 10 | D35: 2 | E35: 1 | F35: 2 | G35: 0 | H35: 1 | I35: 0 | J35: 0 | K35: 2 | L35: 0 | M35: 0 | N35: 7 | O35: 6 | P35: 3 | Q35: 0 | R35: 1 | S35: 24 | T35: 6 | U35: 1 | V35: 0 | W35: 0 | X35: 0 | Y35: 0 | Z35: 6 | AA35: 0 | AB35: 0 | AC35: 0 | AD35: 2 | AE35: 16 | AF35: 3 | AG35: 0
A36: Hylaeus.leptocephalus | B36: 0 | C36: 0 | D36: 0 | E36: 0 | F36: 0 | G36: 0 | H36: 0 | I36: 0 | J36: 0 | K36: 0 | L36: 0 | M36: 0 | N36: 0 | O36: 0 | P36: 0 | Q36: 0 | R36: 0 | S36: 1 | T36: 0 | U36: 0 | V36: 0 | W36: 0 | X36: 0 | Y36: 0 | Z36: 0 | AA36: 0 | AB36: 0 | AC36: 0 | AD36: 0 | AE36: 0 | AF36: 0 | AG36: 0
A37: Hylaeus.mesillae | B37: 0 | C37: 0 | D37: 0 | E37: 0 | F37: 0 | G37: 0 | H37: 0 | I37: 0 | J37: 0 | K37: 0 | L37: 0 | M37: 0 | N37: 0 | O37: 0 | P37: 0 | Q37: 0 | R37: 0 | S37: 1 | T37: 0 | U37: 0 | V37: 0 | W37: 0 | X37: 1 | Y37: 0 | Z37: 0 | AA37: 0 | AB37: 0 | AC37: 0 | AD37: 0 | AE37: 0 | AF37: 0 | AG37: 0
A38: Hylaeus.modestus | B38: 0 | C38: 0 | D38: 2 | E38: 1 | F38: 0 | G38: 0 | H38: 0 | I38: 0 | J38: 0 | K38: 0 | L38: 0 | M38: 0 | N38: 2 | O38: 0 | P38: 2 | Q38: 2 | R38: 0 | S38: 1 | T38: 0 | U38: 0 | V38: 0 | W38: 1 | X38: 4 | Y38: 0 | Z38: 3 | AA38: 0 | AB38: 2 | AC38: 0 | AD38: 0 | AE38: 0 | AF38: 0 | AG38: 0
A39: Hylaeus.pictipes | B39: 0 | C39: 1 | D39: 1 | E39: 0 | F39: 0 | G39: 0 | H39: 0 | I39: 0 | J39: 0 | K39: 1 | L39: 0 | M39: 0 | N39: 1 | O39: 0 | P39: 0 | Q39: 0 | R39: 0 | S39: 6 | T39: 2 | U39: 0 | V39: 0 | W39: 0 | X39: 1 | Y39: 0 | Z39: 0 | AA39: 0 | AB39: 0 | AC39: 0 | AD39: 1 | AE39: 7 | AF39: 2 | AG39: 0
A40: Lasioglossum.admirandum | B40: 0 | C40: 0 | D40: 0 | E40: 0 | F40: 0 | G40: 0 | H40: 0 | I40: 0 | J40: 0 | K40: 0 | L40: 0 | M40: 0 | N40: 0 | O40: 0 | P40: 0 | Q40: 0 | R40: 0 | S40: 0 | T40: 0 | U40: 0 | V40: 0 | W40: 0 | X40: 0 | Y40: 0 | Z40: 0 | AA40: 0 | AB40: 0 | AC40: 0 | AD40: 0 | AE40: 0 | AF40: 0 | AG40: 0
A41: Lasioglossum.bruneri | B41: 0 | C41: 0 | D41: 0 | E41: 0 | F41: 2 | G41: 0 | H41: 0 | I41: 0 | J41: 0 | K41: 1 | L41: 0 | M41: 0 | N41: 1 | O41: 0 | P41: 0 | Q41: 0 | R41: 0 | S41: 0 | T41: 2 | U41: 0 | V41: 1 | W41: 0 | X41: 0 | Y41: 0 | Z41: 0 | AA41: 0 | AB41: 1 | AC41: 0 | AD41: 0 | AE41: 0 | AF41: 1 | AG41: 0
A42: Lasioglossum.cattellae | B42: 0 | C42: 0 | D42: 0 | E42: 0 | F42: 0 | G42: 0 | H42: 0 | I42: 0 | J42: 0 | K42: 0 | L42: 0 | M42: 0 | N42: 0 | O42: 0 | P42: 0 | Q42: 0 | R42: 0 | S42: 0 | T42: 0 | U42: 0 | V42: 0 | W42: 0 | X42: 0 | Y42: 0 | Z42: 0 | AA42: 0 | AB42: 1 | AC42: 0 | AD42: 0 | AE42: 0 | AF42: 0 | AG42: 0
A43: Lasioglossum.coeruleum | B43: 0 | C43: 0 | D43: 0 | E43: 0 | F43: 0 | G43: 0 | H43: 0 | I43: 0 | J43: 0 | K43: 0 | L43: 0 | M43: 0 | N43: 0 | O43: 0 | P43: 0 | Q43: 0 | R43: 0 | S43: 0 | T43: 1 | U43: 0 | V43: 0 | W43: 0 | X43: 0 | Y43: 0 | Z43: 0 | AA43: 0 | AB43: 0 | AC43: 0 | AD43: 0 | AE43: 0 | AF43: 0 | AG43: 0
... A97: Triepeolus.lunatus | B97: 0 | C97: 0 | D97: 0 | E97: 0 | F97: 0 | G97: 0 | H97: 0 | I97: 0 | J97: 0 | K97: 0 | L97: 0 | M97: 0 | N97: 0 | O97: 0 | P97: 0 | Q97: 0 | R97: 0 | S97: 0 | T97: 0 | U97: 0 | V97: 0 | W97: 0 | X97: 0 | Y97: 0 | Z97: 0 | AA97: 0 | AB97: 0 | AC97: 1 | AD97: 0 | AE97: 0 | AF97: 0 | AG97: 0

Sheet vacnetworks
A1: plant | B1: species | C1: time | D1: number | E1: time | F1: neigh | G1: trt | H1: Site
A2: Chicory | B2: Agapostemon.sericeus | C2: LATE.FA.t6 | D2: 1 | E2: LATE | F2: FA | G2: t6 | H2: FA6
A3: Chicory | B3: Agapostemon.sericeus | C3: LATE.FA.t8 | D3: 2 | E3: LATE | F3: FA | G3: t8 | H3: FA8
A4: White.Clover | B4: Agapostemon.sericeus | C4: EARLY.GL.t2 | D4: 1 | E4: EARLY | F4: GL | G4: t2 | H4: GL2
A5: Narrow.leaf.plantain | B5: Agapostemon.texanus | C5: EARLY.CE.t6 | D5: 1 | E5: EARLY | F5: CE | G5: t6 | H5: CE6
A6: Chicory | B6: Agapostemon.texanus | C6: LATE.FA.t8 | D6: 1 | E6: LATE | F6: FA | G6: t8 | H6: FA8
A7: Yellow.Sweet.Clover | B7: Agapostemon.texanus | C7: EARLY.GL.t4 | D7: 1 | E7: EARLY | F7: GL | G7: t4 | H7: GL4
A8: Daisy.Fleabane | B8: Agapostemon.texanus | C8: EARLY.GL.t6 | D8: 1 | E8: EARLY | F8: GL | G8: t6 | H8: GL6
A9: Narrow.leaf.plantain | B9: Agapostemon.texanus | C9: EARLY.HO.t8 | D9: 1 | E9: EARLY | F9: HO | G9: t8 | H9: HO8
A10: Unknown.Mint | B10: Agapostemon.texanus | C10: LATE.SV.t8 | D10: 1 | E10: LATE | F10: SV | G10: t8 | H10: SV8
A11: Chicory | B11: Agapostemon.texanus | C11: EARLY.TR.t6 | D11: 1 | E11: EARLY | F11: TR | G11: t6 | H11: TR6
A12: Chicory | B12: Agapostemon.virescens | C12: LATE.BU.t1 | D12: 1 | E12: LATE | F12: BU | G12: t1 | H12: BU1
A13: Chicory | B13: Agapostemon.virescens | C13: LATE.BU.t6 | D13: 1 | E13: LATE | F13: BU | G13: t6 | H13: BU6
... A59: Red.Clover | B59: Andrena.wilkella | C59: EARLY.TR.t2 | D59: 1 | E59: EARLY | F59: TR | G59: t2 | H59: TR2
B60: Andrena.wilkella | C60: EARLY.TR.t4 | D60: 1 | E60: EARLY | F60: TR | G60: t4 | H60: TR4
A61: Red.Clover | B61: Andrena.wilkella | C61: EARLY.TR.t4 | D61: 3 | E61: EARLY | F61: TR | G61: t4 | H61: TR4
A62: White.Clover | B62: Andrena.wilkella | C62: EARLY.TR.t6 | D62: 2 | E62: EARLY | F62: TR | G62: t6 | H62: TR6
A63: White.Sweet.Clover | B63: Andrena.wilkella | C63: EARLY.TR.t6 | D63: 1 | E63: EARLY | F63: TR | G63: t6 | H63: TR6
A64: White.Sweet.Clover | B64: Andrena.wilkella | C64: EARLY.TR.t8 | D64: 2 | E64: EARLY | F64: TR | G64: t8 | H64: TR8
A65: Yellow.Sweet.Clover | B65: Andrena.wilkella | C65: EARLY.TR.t8 | D65: 2 | E65: EARLY | F65: TR | G65: t8 | H65: TR8
A66: Crown.Vetch | B66: Anthidium.manicatum | C66: EARLY.BU.t2 | D66: 1 | E66: EARLY | F66: BU | G66: t2 | H66: BU2
A67: Red.Clover | B67: Anthidium.manicatum | C67: LATE.CE.t8 | D67: 1 | E67: LATE | F67: CE | G67: t8 | H67: CE8
A68: Red.Clover | B68: Anthidium.manicatum | C68: LATE.DS.t4 | D68: 1 | E68: LATE | F68: DS | G68: t4 | H68: DS4
A69: Birdsfoot.trefoil | B69: Anthidium.manicatum | C69: EARLY.FA.t6 | D69: 1 | E69: EARLY | F69: FA | G69: t6 | H69: FA6
A70: Birdsfoot.trefoil | B70: Anthidium.oblongatum | C70: LATE.BU.t1 | D70: 1 | E70: LATE | F70: BU | G70: t1 | H70: BU1
A71: Chicory | B71: Anthidium.oblongatum | C71: LATE.BU.t1 | D71: 3 | E71: LATE | F71: BU | G71: t1 | H71: BU1
A72: Birdsfoot.trefoil | B72: Anthidium.oblongatum | C72: EARLY.BU.t2 | D72: 2 | E72: EARLY | F72: BU | G72: t2 | H72: BU2
... A475: Unknown.Mint | B475: Xylocopa.virginica | C475: LATE.SV.t8 | D475: 1 | E475: LATE | F475: SV | G475: t8 | H475: SV8
A476: Chichory | B476: Agapostemon.sericeus | D476: 1 | E476: LATE | F476: CE | G476: t6 | H476: CE6
A477: Red.Clover | B477: Agapostemon.sericeus | D477: 1 | E477: LATE | F477: FA | G477: t6 | H477: FA6
A478: Birdsfoot.Trefoil | B478: Agapostemon.sericeus | D478: 1 | E478: LATE | F478: GL | G478: t4 | H478: GL4
A479: Horseweed | B479: Agapostemon.sericeus | D479: 2 | E479: LATE | F479: GL | G479: t4 | H479: GL4
A480: Chichory | B480: Agapostemon.sericeus | D480: 3 | E480: LATE | F480: HO | G480: t2 | H480: HO2
A481: White.Snakeroot | B481: Agapostemon.sericeus | D481: 1 | E481: LATE | F481: SV | G481: t1 | H481: SV1
A482: Chichory | B482: Agapostemon.spp. | D482: 1 | E482: LATE | F482: HO | G482: t2 | H482: HO2
A483: Chichory | B483: Agapostemon.texanus | D483: 1 | E483: EARLY | F483: TR | G483: t1 | H483: TR1
A484: Chichory | B484: Agapostemon.texanus | D484: 1 | E484: LATE | F484: CE | G484: t2 | H484: CE2
A485: Chichory | B485: Agapostemon.texanus | D485: 3 | E485: LATE | F485: CE | G485: t6 | H485: CE6
A486: Chichory | B486: Agapostemon.texanus | D486: 1 | E486: LATE | F486: CE | G486: t8 | H486: CE8
A487: Chichory | B487: Agapostemon.texanus | D487: 1 | E487: LATE | F487: FA | G487: t6 | H487: FA6
... A979: Queen.Annes.Lace | B979: Xylocopa.virginica | D979: 1 | E979: LATE | F979: TR | G979: t6 | H979: TR6

Sheet pan.summarytable
A1: Year | B1: Season | C1: hood | D1: Neighborhood | E1: Treatment | F1: Bee Richness | G1: Bee Abundances | H1: Renter | I1: Miner | J1: Agapostemon.sericeus | K1: Agapostemon.texanus | L1: Agapostemon.virescens | M1: Andrena.alleghaniensis | N1: Andrena.commoda | O1: Andrena.miserabilis | P1: Andrena.nasonii | Q1: Andrena.vicina | R1: Andrena.wilkella | S1: Anthidium.manicatum | T1: Anthidium.oblongatum | U1: Anthophora.terminalis | V1: Apis.mellifera | W1: Augochlora.pura | X1: Augochlorella.aurata | Y1: Bombus.fervidus | Z1: Bombus.griseocolis | AA1: Bombus.impatiens | AB1: Calliopsis.andreniformis | AC1: Ceratina.calcarata | AD1: Ceratina.mikmaqi | AE1: Ceratina.spp | AF1: Chelostoma.philadelphi | AG1: Halictus.confusus | AH1: Halictus.ligatus | AI1: Halictus.rubicundus | AJ1: Heriades.carinatus | AK1: Hoclopasites.calliopsidis | AL1: Hoplitus.producta | AM1: Hylaeus.affinis/modestus | AN1: Hylaeus.annulatus | AO1: Hylaeus.fedorica | AP1: Hylaeus.hyalinatus | AQ1: Hylaeus.leptocephalus | AR1: Hylaeus.mesillae | AS1: Hylaeus.modestus | AT1: Hylaeus.pictipes | AU1: Lasioglossum.D.admirandum | AV1: Lasioglossum.D.bruneri | AW1: Lasioglossum.D.catallae | AX1: Lasioglossum.D.coeruleum | AY1: Lasioglossum.D.coriaceum | AZ1: Lasioglossum.D.ellisiae | BA1: Lasioglossum.D.ephialtum | BB1: Lasioglossum.D.gotham | BC1: Lasioglossum.D.hitchensii | BD1: Lasioglossum.D.illinoiensis | BE1: Lasioglossum.D.imitatum | BF1: Lasioglossum.D.laevissimum | BG1: Lasioglossum.D.leucocomum | BH1: Lasioglossum.D.leucocomum.or.pilosum | BI1: Lasioglossum.D.leucozonium | BJ1: Lasioglossum.D.lineatulum | BK1: Lasioglossum.D.michiganense | BL1: Lasioglossum.D.pilosum | BM1: Lasioglossum.D.smilacinae | BN1: Lasioglossum.D.spp | BO1: Lasioglossum.D.tegulare | BP1: Lasioglossum.D.tegulare.or.ellisiae | BQ1: Lasioglossum.D.versatum | BR1: Lasioglossum.D.weemsi | BS1: Lasioglossum.D.zephyrum | BT1: Lasioglossum.H.birkmanni | BU1: Lasioglossum.H.macoupinense | BV1: Lasioglossum.H.pectorale | BW1: Lasioglossum.H.spp | BX1: Megachile.brevis | BY1: Megachile.campanulae | BZ1: Megachile.centuncularis | CA1: Megachile.frigida | CB1: Megachile.mendica | CC1: Megachile.montivaga | CD1: Megachile.pugnata | CE1: Megachile.relativa | CF1: Megachile.rotundata | CG1: Megachile.texana | CH1: Mellisodes.bimaculata | CI1: Mellisodes.denticulata | CJ1: Mellisodes.subilliatus | CK1: Nomada.articulata | CL1: Nomada.bidente.grp | CM1: Nomada.denticulata | CN1: Nomada.maculata | CO1: Nomada.spp | CP1: Osmia.caerulescens | CQ1: Osmia.georgica | CR1: Osmia.pumila | CS1: Peponapis.pruinosa | CT1: Sphecodes.nr.banksi | CU1: Sphecodes.atlantis.or.cressonii | CV1: Sphecodes.coronus | CW1: Sphecodes.davisii | CX1: Sphecodes.nr.mandibularis | CY1: Sphecodes.prosphorus | CZ1: Triepeolus.lunatus
A2: 1 | B2: 1 | C2: 1 | D2: BU | E2: 1 | F2: 13 | G2: 25 | H2: 13 | I2: 9 | J2: 0 | K2: 0 | L2: 0 | M2: 0 | N2: 0 | O2: 0 | P2: 0 | Q2: 0 | R2: 0 | S2: 0 | T2: 2 | U2: 0 | V2: 0 | W2: 1 | X2: 0 | Y2: 0 | Z2: 0 | AA2: 0 | AB2: 1 | AC2: 2 | AD2: 0 | AE2: 0 | AF2: 0 | AG2: 2 | AH2: 0 | AI2: 0 | AJ2: 0 | AK2: 0 | AL2: 1 | AM2: 1 | AN2: 0 | AO2: 0 | AP2: 5 | AQ2: 0 | AR2: 0 | AS2: 0 | AT2: 0 | AU2: 0 | AV2: 0 | AW2: 0 | AX2: 0 | AY2: 0 | AZ2: 0 | BA2: 4 | BB2: 0 | BC2: 0 | BD2: 0 | BE2: 2 | BF2: 0 | BG2: 0 | BH2: 0 | BI2: 0 | BJ2: 0 | BK2: 0 | BL2: 0 | BM2: 0 | BN2: 0 | BO2: 0 | BP2: 0 | BQ2: 0 | BR2: 0 | BS2: 0 | BT2: 0 | BU2: 0 | BV2: 0 | BW2: 0 | BX2: 0 | BY2: 0 | BZ2: 0 | CA2: 0 | CB2: 0 | CC2: 0 | CD2: 0 | CE2: 1 | CF2: 2 | CG2: 0 | CH2: 0 | CI2: 0 | CJ2: 0 | CK2: 0 | CL2: 0 | CM2: 0 | CN2: 0 | CO2: 0 | CP2: 1 | CQ2: 0 | CR2: 0 | CS2: 0 | CT2: 0 | CU2: 0 | CV2: 0 | CW2: 0 | CX2: 0 | CY2: 0 | CZ2: 0
A3: 1 | B3: 2 | C3: 1 | D3: BU | E3: 1 | F3: 3 | G3: 3 | H3: 1 | I3: 2 | J3: 0 | K3: 0 | L3: 0 | M3: 0 | N3: 0 | O3: 0 | P3: 0 | Q3: 0 | R3: 0 | S3: 0 | T3: 0 | U3: 0 | V3: 0 | W3: 0 | X3: 0 | Y3: 0 | Z3: 0 | AA3: 0 | AB3: 0 | AC3: 0 | AD3: 0 | AE3: 0 | AF3: 0 | AG3: 1 | AH3: 0 | AI3: 0 | AJ3: 0 | AK3: 0 | AL3: 0 | AM3: 0 | AN3: 0 | AO3: 0 | AP3: 0 | AQ3: 0 | AR3: 0 | AS3: 0 | AT3: 0 | AU3: 0 | AV3: 0 | AW3: 0 | AX3: 0 | AY3: 0 | AZ3: 0 | BA3: 0 | BB3: 0 | BC3: 0 | BD3: 0 | BE3: 1 | BF3: 0 | BG3: 0 | BH3: 0 | BI3: 0 | BJ3: 0 | BK3: 0 | BL3: 0 | BM3: 0 | BN3: 0 | BO3: 0 | BP3: 0 | BQ3: 0 | BR3: 0 | BS3: 0 | BT3: 0 | BU3: 0 | BV3: 0 | BW3: 0 | BX3: 0 | BY3: 0 | BZ3: 0 | CA3: 0 | CB3: 0 | CC3: 0 | CD3: 0 | CE3: 0 | CF3: 1 | CG3: 0 | CH3: 0 | CI3: 0 | CJ3: 0 | CK3: 0 | CL3: 0 | CM3: 0 | CN3: 0 | CO3: 0 | CP3: 0 | CQ3: 0 | CR3: 0 | CS3: 0 | CT3: 0 | CU3: 0 | CV3: 0 | CW3: 0 | CX3: 0 | CY3: 0 | CZ3: 0
A4: 2 | B4: 1 | C4: 1 | D4: BU | E4: 1 | F4: 3 | G4: 4 | H4: 4 | I4: 0 | J4: 0 | K4: 0 | L4: 0 | M4: 0 | N4: 0 | O4: 0 | P4: 0 | Q4: 0 | R4: 0 | S4: 0 | T4: 0 | U4: 0 | V4: 0 | W4: 0 | X4: 0 | Y4: 0 | Z4: 0 | AA4: 0 | AB4: 0 | AC4: 0 | AD4: 0 | AE4: 0 | AF4: 0 | AG4: 0 | AH4: 0 | AI4: 0 | AJ4: 0 | AK4: 0 | AL4: 0 | AM4: 2 | AN4: 0 | AO4: 0 | AP4: 1 | AQ4: 0 | AR4: 0 | AS4: 0 | AT4: 0 | AU4: 0 | AV4: 0 | AW4: 0 | AX4: 0 | AY4: 0 | AZ4: 0 | BA4: 0 | BB4: 0 | BC4: 0 | BD4: 0 | BE4: 0 | BF4: 0 | BG4: 0 | BH4: 0 | BI4: 0 | BJ4: 0 | BK4: 0 | BL4: 0 | BM4: 0 | BN4: 0 | BO4: 0 | BP4: 0 | BQ4: 0 | BR4: 0 | BS4: 0 | BT4: 0 | BU4: 0 | BV4: 0 | BW4: 0 | BX4: 0 | BY4: 0 | BZ4: 0 | CA4: 1 | CB4: 0 | CC4: 0 | CD4: 0 | CE4: 0 | CF4: 0 | CG4: 0 | CH4: 0 | CI4: 0 | CJ4: 0 | CK4: 0 | CL4: 0 | CM4: 0 | CN4: 0 | CO4: 0 | CP4: 0 | CQ4: 0 | CR4: 0 | CS4: 0 | CT4: 0 | CU4: 0 | CV4: 0 | CW4: 0 | CX4: 0 | CY4: 0 | CZ4: 0
A5: 2 | B5: 2 | C5: 1 | D5: BU | E5: 1 | F5: 0 | G5: 0 | H5: 0 | I5: 0 | J5: 0 | K5: 0 | L5: 0 | M5: 0 | N5: 0 | O5: 0 | P5: 0 | Q5: 0 | R5: 0 | S5: 0 | T5: 0 | U5: 0 | V5: 0 | W5: 0 | X5: 0 | Y5: 0 | Z5: 0 | AA5: 0 | AB5: 0 | AC5: 0 | AD5: 0 | AE5: 0 | AF5: 0 | AG5: 0 | AH5: 0 | AI5: 0 | AJ5: 0 | AK5: 0 | AL5: 0 | AM5: 0 | AN5: 0 | AO5: 0 | AP5: 0 | AQ5: 0 | AR5: 0 | AS5: 0 | AT5: 0 | AU5: 0 | AV5: 0 | AW5: 0 | AX5: 0 | AY5: 0 | AZ5: 0 | BA5: 0 | BB5: 0 | BC5: 0 | BD5: 0 | BE5: 0 | BF5: 0 | BG5: 0 | BH5: 0 | BI5: 0 | BJ5: 0 | BK5: 0 | BL5: 0 | BM5: 0 | BN5: 0 | BO5: 0 | BP5: 0 | BQ5: 0 | BR5: 0 | BS5: 0 | BT5: 0 | BU5: 0 | BV5: 0 | BW5: 0 | BX5: 0 | BY5: 0 | BZ5: 0 | CA5: 0 | CB5: 0 | CC5: 0 | CD5: 0 | CE5: 0 | CF5: 0 | CG5: 0 | CH5: 0 | CI5: 0 | CJ5: 0 | CK5: 0 | CL5: 0 | CM5: 0 | CN5: 0 | CO5: 0 | CP5: 0 | CQ5: 0 | CR5: 0 | CS5: 0 | CT5: 0 | CU5: 0 | CV5: 0 | CW5: 0 | CX5: 0 | CY5: 0 | CZ5: 0
A6: 2 | B6: 3 | C6: 1 | D6: BU | E6: 1 | F6: 2 | G6: 2 | H6: 0 | I6: 1 | J6: 0 | K6: 0 | L6: 0 | M6: 0 | N6: 0 | O6: 0 | P6: 0 | Q6: 0 | R6: 0 | S6: 0 | T6: 0 | U6: 0 | V6: 0 | W6: 0 | X6: 0 | Y6: 0 | Z6: 0 | AA6: 0 | AB6: 0 | AC6: 1 | AD6: 0 | AE6: 0 | AF6: 0 | AG6: 1 | AH6: 0 | AI6: 0 | AJ6: 0 | AK6: 0 | AL6: 0 | AM6: 0 | AN6: 0 | AO6: 0 | AP6: 0 | AQ6: 0 | AR6: 0 | AS6: 0 | AT6: 0 | AU6: 0 | AV6: 0 | AW6: 0 | AX6: 0 | AY6: 0 | AZ6: 0 | BA6: 0 | BB6: 0 | BC6: 0 | BD6: 0 | BE6: 0 | BF6: 0 | BG6: 0 | BH6: 0 | BI6: 0 | BJ6: 0 | BK6: 0 | BL6: 0 | BM6: 0 | BN6: 0 | BO6: 0 | BP6: 0 | BQ6: 0 | BR6: 0 | BS6: 0 | BT6: 0 | BU6: 0 | BV6: 0 | BW6: 0 | BX6: 0 | BY6: 0 | BZ6: 0 | CA6: 0 | CB6: 0 | CC6: 0 | CD6: 0 | CE6: 0 | CF6: 0 | CG6: 0 | CH6: 0 | CI6: 0 | CJ6: 0 | CK6: 0 | CL6: 0 | CM6: 0 | CN6: 0 | CO6: 0 | CP6: 0 | CQ6: 0 | CR6: 0 | CS6: 0 | CT6: 0 | CU6: 0 | CV6: 0 | CW6: 0 | CX6: 0 | CY6: 0 | CZ6: 0
A7: Total | B7: Total | D7: BU1 | E7: BU1 | G7: =SUM(J7:CZ7) -> 34 | J7: =SUM(J2:J6) -> 0 | K7: =SUM(K2:K6) -> 0 | L7: =SUM(L2:L6) -> 0 | M7: =SUM(M2:M6) -> 0 | N7: =SUM(N2:N6) -> 0 | O7: =SUM(O2:O6) -> 0 | P7: =SUM(P2:P6) -> 0 | Q7: =SUM(Q2:Q6) -> 0 | ... CZ7: =SUM(CZ2:CZ6) -> 0
A16: 1 | B16: 2 | C16: 1 | D16: BU | E16: 4 | F16: 6 | G16: 7 | H16: 3 | I16: 3 | J16: 0 | K16: 0 | L16: 0 | M16: 0 | N16: 0 | O16: 0 | P16: 0 | Q16: 0 | R16: 0 | S16: 0 | T16: 0 | U16: 0 | V16: 0 | W16: 0 | X16: 0 | Y16: 0 | Z16: 0 | AA16: 0 | AB16: 0 | AC16: 0 | AD16: 0 | AE16: 0 | AF16: 0 | AG16: 0 | AH16: 0 | AI16: 0 | AJ16: 0 | AK16: 0 | AL16: 0 | AM16: 0 | AN16: 0 | AO16: 0 | AP16: 1 | AQ16: 0 | AR16: 0 | AS16: 0 | AT16: 0 | AU16: 0 | AV16: 0 | AW16: 0 | AX16: 0 | AY16: 0 | AZ16: 0 | BA16: 1 | BB16: 0 | BC16: 1 | BD16: 0 | BE16: 0 | BF16: 0 | BG16: 0 | BH16: 0 | BI16: 0 | BJ16: 0 | BK16: 0 | BL16: 0 | BM16: 0 | BN16: 1 | BO16: 1 | BP16: 0 | BQ16: 0 | BR16: 0 | BS16: 0 | BT16: 0 | BU16: 0 | BV16: 0 | BW16: 0 | BX16: 0 | BY16: 0 | BZ16: 0 | CA16: 0 | CB16: 0 | CC16: 0 | CD16: 0 | CE16: 0 | CF16: 2 | CG16: 0 | CH16: 0 | CI16: 0 | CJ16: 0 | CK16: 0 | CL16: 0 | CM16: 0 | CN16: 0 | CO16: 0 | CP16: 0 | CQ16: 0 | CR16: 0 | CS16: 0 | CT16: 0 | CU16: 0 | CV16: 0 | CW16: 0 | CX16: 0 | CY16: 0 | CZ16: 0
A17: 1 | B17: 1 | C17: 1 | D17: BU | E17: 4 | F17: 10 | G17: 17 | H17: 10 | I17: 4 | J17: 0 | K17: 0 | L17: 0 | M17: 0 | N17: 0 | O17: 0 | P17: 0 | Q17: 0 | R17: 0 | S17: 0 | T17: 1 | U17: 0 | V17: 0 | W17: 0 | X17: 0 | Y17: 0 | Z17: 0 | AA17: 0 | AB17: 0 | AC17: 0 | AD17: 0 | AE17: 0 | AF17: 0 | AG17: 0 | AH17: 0 | AI17: 0 | AJ17: 0 | AK17: 0 | AL17: 1 | AM17: 1 | AN17: 0 | AO17: 0 | AP17: 5 | AQ17: 0 | AR17: 0 | AS17: 0 | AT17: 0 | AU17: 0 | AV17: 0 | AW17: 0 | AX17: 0 | AY17: 0 | AZ17: 0 | BA17: 1 | BB17: 0 | BC17: 0 | BD17: 0 | BE17: 1 | BF17: 0 | BG17: 0 | BH17: 0 | BI17: 0 | BJ17: 1 | BK17: 0 | BL17: 0 | BM17: 0 | BN17: 2 | BO17: 0 | BP17: 0 | BQ17: 0 | BR17: 0 | BS17: 1 | BT17: 0 | BU17: 0 | BV17: 0 | BW17: 0 | BX17: 0 | BY17: 0 | BZ17: 0 | CA17: 0 | CB17: 0 | CC17: 0 | CD17: 0 | CE17: 0 | CF17: 3 | CG17: 0 | CH17: 0 | CI17: 0 | CJ17: 0 | CK17: 0 | CL17: 0 | CM17: 0 | CN17: 0 | CO17: 0 | CP17: 0 | CQ17: 0 | CR17: 0 | CS17: 0 | CT17: 0 | CU17: 0 | CV17: 0 | CW17: 0 | CX17: 0 | CY17: 0 | CZ17: 0
A18: 2 | B18: 2 | C18: 1 | D18: BU | E18: 4 | F18: 3 | G18: 4 | H18: 4 | I18: 0 | J18: 0 | K18: 0 | L18: 0 | M18: 0 | N18: 0 | O18: 0 | P18: 0 | Q18: 0 | R18: 0 | S18: 0 | T18: 0 | U18: 0 | V18: 0 | W18: 0 | X18: 0 | Y18: 0 | Z18: 0 | AA18: 0 | AB18: 0 | AC18: 0 | AD18: 0 | AE18: 0 | AF18: 0 | AG18: 0 | AH18: 0 | AI18: 0 | AJ18: 0 | AK18: 0 | AL18: 0 | AM18: 0 | AN18: 0 | AO18: 0 | AP18: 2 | AQ18: 0 | AR18: 0 | AS18: 0 | AT18: 1 | AU18: 0 | AV18: 0 | AW18: 0 | AX18: 0 | AY18: 0 | AZ18: 0 | BA18: 0 | BB18: 0 | BC18: 0 | BD18: 0 | BE18: 0 | BF18: 0 | BG18: 0 | BH18: 0 | BI18: 0 | BJ18: 0 | BK18: 0 | BL18: 0 | BM18: 0 | BN18: 0 | BO18: 0 | BP18: 0 | BQ18: 0 | BR18: 0 | BS18: 0 | BT18: 0 | BU18: 0 | BV18: 0 | BW18: 0 | BX18: 0 | BY18: 0 | BZ18: 0 | CA18: 0 | CB18: 0 | CC18: 0 | CD18: 0 | CE18: 0 | CF18: 1 | CG18: 0 | CH18: 0 | CI18: 0 | CJ18: 0 | CK18: 0 | CL18: 0 | CM18: 0 | CN18: 0 | CO18: 0 | CP18: 0 | CQ18: 0 | CR18: 0 | CS18: 0 | CT18: 0 | CU18: 0 | CV18: 0 | CW18: 0 | CX18: 0 | CY18: 0 | CZ18: 0
A19: 2 | B19: 1 | C19: 1 | D19: BU | E19: 4 | F19: 1 | G19: 1 | H19: 1 | I19: 0 | J19: 0 | K19: 0 | L19: 0 | M19: 0 | N19: 0 | O19: 0 | P19: 0 | Q19: 0 | R19: 0 | S19: 0 | T19: 0 | U19: 0 | V19: 0 | W19: 0 | X19: 0 | Y19: 0 | Z19: 0 | AA19: 0 | AB19: 0 | AC19: 0 | AD19: 0 | AE19: 0 | AF19: 0 | AG19: 0 | AH19: 0 | AI19: 0 | AJ19: 0 | AK19: 0 | AL19: 0 | AM19: 0 | AN19: 0 | AO19: 0 | AP19: 1 | AQ19: 0 | AR19: 0 | AS19: 0 | AT19: 0 | AU19: 0 | AV19: 0 | AW19: 0 | AX19: 0 | AY19: 0 | AZ19: 0 | BA19: 0 | BB19: 0 | BC19: 0 | BD19: 0 | BE19: 0 | BF19: 0 | BG19: 0 | BH19: 0 | BI19: 0 | BJ19: 0 | BK19: 0 | BL19: 0 | BM19: 0 | BN19: 0 | BO19: 0 | BP19: 0 | BQ19: 0 | BR19: 0 | BS19: 0 | BT19: 0 | BU19: 0 | BV19: 0 | BW19: 0 | BX19: 0 | BY19: 0 | BZ19: 0 | CA19: 0 | CB19: 0 | CC19: 0 | CD19: 0 | CE19: 0 | CF19: 0 | CG19: 0 | CH19: 0 | CI19: 0 | CJ19: 0 | CK19: 0 | CL19: 0 | CM19: 0 | CN19: 0 | CO19: 0 | CP19: 0 | CQ19: 0 | CR19: 0 | CS19: 0 | CT19: 0 | CU19: 0 | CV19: 0 | CW19: 0 | CX19: 0 | CY19: 0 | CZ19: 0
A20: 2 | B20: 3 | C20: 1 | D20: BU | E20: 4 | F20: 6 | G20: 8 | H20: 6 | I20: 1 | J20: 0 | K20: 0 | L20: 0 | M20: 0 | N20: 0 | O20: 0 | P20: 0 | Q20: 0 | R20: 0 | S20: 0 | T20: 0 | U20: 1 | V20: 0 | W20: 0 | X20: 0 | Y20: 0 | Z20: 0 | AA20: 0 | AB20: 0 | AC20: 0 | AD20: 0 | AE20: 1 | AF20: 0 | AG20: 0 | AH20: 0 | AI20: 0 | AJ20: 0 | AK20: 0 | AL20: 0 | AM20: 0 | AN20: 0 | AO20: 0 | AP20: 1 | AQ20: 0 | AR20: 0 | AS20: 0 | AT20: 0 | AU20: 0 | AV20: 0 | AW20: 0 | AX20: 0 | AY20: 0 | AZ20: 0 | BA20: 0 | BB20: 0 | BC20: 0 | BD20: 0 | BE20: 0 | BF20: 0 | BG20: 0 | BH20: 0 | BI20: 0 | BJ20: 0 | BK20: 0 | BL20: 0 | BM20: 0 | BN20: 0 | BO20: 0 | BP20: 0 | BQ20: 0 | BR20: 0 | BS20: 0 | BT20: 0 | BU20: 0 | BV20: 0 | BW20: 0 | BX20: 0 | BY20: 0 | BZ20: 0 | CA20: 0 | CB20: 1 | CC20: 0 | CD20: 0 | CE20: 2 | CF20: 2 | CG20: 0 | CH20: 0 | CI20: 0 | CJ20: 0 | CK20: 0 | CL20: 0 | CM20: 0 | CN20: 0 | CO20: 0 | CP20: 0 | CQ20: 0 | CR20: 0 | CS20: 0 | CT20: 0 | CU20: 0 | CV20: 0 | CW20: 0 | CX20: 0 | CY20: 0 | CZ20: 0
A21: Total | B21: Total | D21: BU4 | E21: BU4 | G21: =SUM(J21:CZ21) -> 37 | J21: =SUM(J16:J20) -> 0 | K21: =SUM(K16:K20) -> 0 | L21: =SUM(L16:L20) -> 0 | M21: =SUM(M16:M20) -> 0 | N21: =SUM(N16:N20) -> 0 | O21: =SUM(O16:O20) -> 0 | P21: =SUM(P16:P20) -> 0 | Q21: =SUM(Q16:Q20) -> 0 | ... CZ21: =SUM(CZ16:CZ20) -> 0
A27: 2 | B27: 3 | C27: 1 | D27: BU | E27: 6 | F27: 4 | G27: 7 | H27: 4 | I27: 3 | J27: 0 | K27: 0 | L27: 0 | M27: 0 | N27: 0 | O27: 0 | P27: 0 | Q27: 0 | R27: 0 | S27: 0 | T27: 0 | U27: 0 | V27: 0 | W27: 0 | X27: 2 | Y27: 0 | Z27: 0 | AA27: 0 | AB27: 0 | AC27: 0 | AD27: 0 | AE27: 0 | AF27: 0 | AG27: 0 | AH27: 0 | AI27: 0 | AJ27: 0 | AK27: 0 | AL27: 0 | AM27: 0 | AN27: 0 | AO27: 0 | AP27: 0 | AQ27: 0 | AR27: 0 | AS27: 0 | AT27: 0 | AU27: 0 | AV27: 0 | AW27: 0 | AX27: 0 | AY27: 0 | AZ27: 0 | BA27: 0 | BB27: 0 | BC27: 1 | BD27: 0 | BE27: 0 | BF27: 0 | BG27: 0 | BH27: 0 | BI27: 0 | BJ27: 0 | BK27: 0 | BL27: 0 | BM27: 0 | BN27: 0 | BO27: 0 | BP27: 0 | BQ27: 0 | BR27: 0 | BS27: 0 | BT27: 0 | BU27: 0 | BV27: 0 | BW27: 0 | BX27: 0 | BY27: 0 | BZ27: 0 | CA27: 0 | CB27: 1 | CC27: 0 | CD27: 0 | CE27: 0 | CF27: 3 | CG27: 0 | CH27: 0 | CI27: 0 | CJ27: 0 | CK27: 0 | CL27: 0 | CM27: 0 | CN27: 0 | CO27: 0 | CP27: 0 | CQ27: 0 | CR27: 0 | CS27: 0 | CT27: 0 | CU27: 0 | CV27: 0 | CW27: 0 | CX27: 0 | CY27: 0 | CZ27: 0
A28: 1 | B28: 1 | C28: 1 | D28: BU | E28: 6 | F28: 8 | G28: 11 | H28: 6 | I28: 5 | J28: 0 | K28: 0 | L28: 0 | M28: 0 | N28: 0 | O28: 0 | P28: 0 | Q28: 0 | R28: 0 | S28: 0 | T28: 0 | U28: 1 | V28: 0 | W28: 0 | X28: 2 | Y28: 0 | Z28: 0 | AA28: 1 | AB28: 0 | AC28: 0 | AD28: 0 | AE28: 0 | AF28: 0 | AG28: 0 | AH28: 1 | AI28: 0 | AJ28: 0 | AK28: 0 | AL28: 0 | AM28: 1 | AN28: 0 | AO28: 0 | AP28: 0 | AQ28: 0 | AR28: 0 | AS28: 1 | AT28: 0 | AU28: 0 | AV28: 0 | AW28: 0 | AX28: 0 | AY28: 0 | AZ28: 0 | BA28: 1 | BB28: 0 | BC28: 0 | BD28: 0 | BE28: 0 | BF28: 0 | BG28: 0 | BH28: 0 | BI28: 0 | BJ28: 0 | BK28: 0 | BL28: 0 | BM28: 0 | BN28: 0 | BO28: 0 | BP28: 0 | BQ28: 0 | BR28: 0 | BS28: 0 | BT28: 0 | BU28: 0 | BV28: 0 | BW28: 0 | BX28: 0 | BY28: 0 | BZ28: 0 | CA28: 0 | CB28: 0 | CC28: 0 | CD28: 0 | CE28: 0 | CF28: 0 | CG28: 0 | CH28: 0 | CI28: 0 | CJ28: 0 | CK28: 0 | CL28: 0 | CM28: 0 | CN28: 0 | CO28: 0 | CP28: 3 | CQ28: 0 | CR28: 0 | CS28: 0 | CT28: 0 | CU28: 0 | CV28: 0 | CW28: 0 | CX28: 0 | CY28: 0 | CZ28: 0
A29: 2 | B29: 2 | C29: 1 | D29: BU | E29: 6 | F29: 7 | G29: 11 | H29: 10 | I29: 1 | J29: 0 | K29: 0 | L29: 0 | M29: 0 | N29: 0 | O29: 0 | P29: 0 | Q29: 0 | R29: 1 | S29: 0 | T29: 0 | U29: 0 | V29: 0 | W29: 0 | X29: 0 | Y29: 0 | Z29: 0 | AA29: 0 | AB29: 0 | AC29: 0 | AD29: 0 | AE29: 0 | AF29: 0 | AG29: 0 | AH29: 0 | AI29: 0 | AJ29: 0 | AK29: 0 | AL29: 0 | AM29: 2 | AN29: 0 | AO29: 0 | AP29: 2 | AQ29: 0 | AR29: 0 | AS29: 1 | AT29: 1 | AU29: 0 | AV29: 0 | AW29: 0 | AX29: 0 | AY29: 0 | AZ29: 0 | BA29: 0 | BB29: 0 | BC29: 0 | BD29: 0 | BE29: 0 | BF29: 0 | BG29: 0 | BH29: 0 | BI29: 0 | BJ29: 0 | BK29: 0 | BL29: 0 | BM29: 0 | BN29: 0 | BO29: 0 | BP29: 0 | BQ29: 0 | BR29: 0 | BS29: 0 | BT29: 0 | BU29: 0 | BV29: 0 | BW29: 0 | BX29: 0 | BY29: 0 | BZ29: 1 | CA29: 0 | CB29: 0 | CC29: 0 | CD29: 0 | CE29: 0 | CF29: 3 | CG29: 0 | CH29: 0 | CI29: 0 | CJ29: 0 | CK29: 0 | CL29: 0 | CM29: 0 | CN29: 0 | CO29: 0 | CP29: 0 | CQ29: 0 | CR29: 0 | CS29: 0 | CT29: 0 | CU29: 0 | CV29: 0 | CW29: 0 | CX29: 0 | CY29: 0 | CZ29: 0
A30: 1 | B30: 2 | C30: 1 | D30: BU | E30: 6 | F30: 6 | G30: 8 | H30: 4 | I30: 2 | J30: 0 | K30: 0 | L30: 0 | M30: 0 | N30: 0 | O30: 0 | P30: 0 | Q30: 0 | R30: 0 | S30: 0 | T30: 0 | U30: 1 | V30: 1 | W30: 0 | X30: 0 | Y30: 0 | Z30: 0 | AA30: 0 | AB30: 0 | AC30: 0 | AD30: 0 | AE30: 0 | AF30: 0 | AG30: 0 | AH30: 0 | AI30: 0 | AJ30: 0 | AK30: 0 | AL30: 0 | AM30: 3 | AN30: 0 | AO30: 0 | AP30: 0 | AQ30: 0 | AR30: 0 | AS30: 0 | AT30: 0 | AU30: 0 | AV30: 0 | AW30: 0 | AX30: 0 | AY30: 0 | AZ30: 0 | BA30: 0 | BB30: 0 | BC30: 0 | BD30: 0 | BE30: 1 | BF30: 0 | BG30: 0 | BH30: 0 | BI30: 0 | BJ30: 0 | BK30: 0 | BL30: 0 | BM30: 0 | BN30: 1 | BO30: 0 | BP30: 0 | BQ30: 0 | BR30: 0 | BS30: 0 | BT30: 0 | BU30: 0 | BV30: 0 | BW30: 0 | BX30: 0 | BY30: 0 | BZ30: 0 | CA30: 0 | CB30: 0 | CC30: 0 | CD30: 0 | CE30: 0 | CF30: 1 | CG30: 0 | CH30: 0 | CI30: 0 | CJ30: 0 | CK30: 0 | CL30: 0 | CM30: 0 | CN30: 0 | CO30: 0 | CP30: 0 | CQ30: 0 | CR30: 0 | CS30: 0 | CT30: 0 | CU30: 0 | CV30: 0 | CW30: 0 | CX30: 0 | CY30: 0 | CZ30: 0
A31: 2 | B31: 1 | C31: 1 | D31: BU | E31: 6 | F31: 2 | G31: 2 | H31: 0 | I31: 1 | J31: 0 | K31: 0 | L31: 0 | M31: 0 | N31: 0 | O31: 0 | P31: 0 | Q31: 0 | R31: 0 | S31: 0 | T31: 0 | U31: 0 | V31: 0 | W31: 0 | X31: 0 | Y31: 0 | Z31: 0 | AA31: 0 | AB31: 1 | AC31: 1 | AD31: 0 | AE31: 0 | AF31: 0 | AG31: 0 | AH31: 0 | AI31: 0 | AJ31: 0 | AK31: 0 | AL31: 0 | AM31: 0 | AN31: 0 | AO31: 0 | AP31: 0 | AQ31: 0 | AR31: 0 | AS31: 0 | AT31: 0 | AU31: 0 | AV31: 0 | AW31: 0 | AX31: 0 | AY31: 0 | AZ31: 0 | BA31: 0 | BB31: 0 | BC31: 0 | BD31: 0 | BE31: 0 | BF31: 0 | BG31: 0 | BH31: 0 | BI31: 0 | BJ31: 0 | BK31: 0 | BL31: 0 | BM31: 0 | BN31: 0 | BO31: 0 | BP31: 0 | BQ31: 0 | BR31: 0 | BS31: 0 | BT31: 0 | BU31: 0 | BV31: 0 | BW31: 0 | BX31: 0 | BY31: 0 | BZ31: 0 | CA31: 0 | CB31: 0 | CC31: 0 | CD31: 0 | CE31: 0 | CF31: 0 | CG31: 0 | CH31: 0 | CI31: 0 | CJ31: 0 | CK31: 0 | CL31: 0 | CM31: 0 | CN31: 0 | CO31: 0 | CP31: 0 | CQ31: 0 | CR31: 0 | CS31: 0 | CT31: 0 | CU31: 0 | CV31: 0 | CW31: 0 | CX31: 0 | CY31: 0 | CZ31: 0
A32: Total | B32: Total | D32: BU6 | E32: BU6 | G32: =SUM(J32:CZ32) -> 39 | J32: =SUM(J27:J31) -> 0 | K32: =SUM(K27:K31) -> 0 | L32: =SUM(L27:L31) -> 0 | M32: =SUM(M27:M31) -> 0 | N32: =SUM(N27:N31) -> 0 | O32: =SUM(O27:O31) -> 0 | P32: =SUM(P27:P31) -> 0 | Q32: =SUM(Q27:Q31) -> 0 | ... CZ32: =SUM(CZ27:CZ31) -> 0
A33: 2 | B33: 2 | C33: 1 | D33: BU | E33: 8 | F33: 0 | G33: 0 | H33: 0 | I33: 0 | J33: 0 | K33: 0 | L33: 0 | M33: 0 | N33: 0 | O33: 0 | P33: 0 | Q33: 0 | R33: 0 | S33: 0 | T33: 0 | U33: 0 | V33: 0 | W33: 0 | X33: 0 | Y33: 0 | Z33: 0 | AA33: 0 | AB33: 0 | AC33: 0 | AD33: 0 | AE33: 0 | AF33: 0 | AG33: 0 | AH33: 0 | AI33: 0 | AJ33: 0 | AK33: 0 | AL33: 0 | AM33: 0 | AN33: 0 | AO33: 0 | AP33: 0 | AQ33: 0 | AR33: 0 | AS33: 0 | AT33: 0 | AU33: 0 | AV33: 0 | AW33: 0 | AX33: 0 | AY33: 0 | AZ33: 0 | BA33: 0 | BB33: 0 | BC33: 0 | BD33: 0 | BE33: 0 | BF33: 0 | BG33: 0 | BH33: 0 | BI33: 0 | BJ33: 0 | BK33: 0 | BL33: 0 | BM33: 0 | BN33: 0 | BO33: 0 | BP33: 0 | BQ33: 0 | BR33: 0 | BS33: 0 | BT33: 0 | BU33: 0 | BV33: 0 | BW33: 0 | BX33: 0 | BY33: 0 | BZ33: 0 | CA33: 0 | CB33: 0 | CC33: 0 | CD33: 0 | CE33: 0 | CF33: 0 | CG33: 0 | CH33: 0 | CI33: 0 | CJ33: 0 | CK33: 0 | CL33: 0 | CM33: 0 | CN33: 0 | CO33: 0 | CP33: 0 | CQ33: 0 | CR33: 0 | CS33: 0 | CT33: 0 | CU33: 0 | CV33: 0 | CW33: 0 | CX33: 0 | CY33: 0 | CZ33: 0
A34: 2 | B34: 1 | C34: 1 | D34: BU | E34: 8 | F34: 5 | G34: 5 | H34: 4 | I34: 1 | J34: 0 | K34: 0 | L34: 0 | M34: 0 | N34: 0 | O34: 0 | P34: 0 | Q34: 0 | R34: 0 | S34: 0 | T34: 0 | U34: 0 | V34: 0 | W34: 0 | X34: 0 | Y34: 0 | Z34: 0 | AA34: 0 | AB34: 0 | AC34: 0 | AD34: 0 | AE34: 0 | AF34: 0 | AG34: 0 | AH34: 0 | AI34: 0 | AJ34: 0 | AK34: 0 | AL34: 0 | AM34: 1 | AN34: 0 | AO34: 0 | AP34: 1 | AQ34: 0 | AR34: 0 | AS34: 0 | AT34: 0 | AU34: 0 | AV34: 0 | AW34: 0 | AX34: 0 | AY34: 0 | AZ34: 0 | BA34: 1 | BB34: 0 | BC34: 0 | BD34: 0 | BE34: 0 | BF34: 0 | BG34: 0 | BH34: 0 | BI34: 0 | BJ34: 0 | BK34: 0 | BL34: 0 | BM34: 0 | BN34: 0 | BO34: 0 | BP34: 0 | BQ34: 0 | BR34: 0 | BS34: 0 | BT34: 0 | BU34: 0 | BV34: 0 | BW34: 0 | BX34: 0 | BY34: 0 | BZ34: 0 | CA34: 0 | CB34: 0 | CC34: 0 | CD34: 0 | CE34: 0 | CF34: 1 | CG34: 0 | CH34: 0 | CI34: 0 | CJ34: 0 | CK34: 0 | CL34: 0 | CM34: 0 | CN34: 0 | CO34: 0 | CP34: 1 | CQ34: 0 | CR34: 0 | CS34: 0 | CT34: 0 | CU34: 0 | CV34: 0 | CW34: 0 | CX34: 0 | CY34: 0 | CZ34: 0
A35: 2 | B35: 3 | C35: 1 | D35: BU | E35: 8 | F35: 5 | G35: 8 | H35: 5 | I35: 1 | J35: 0 | K35: 0 | L35: 0 | M35: 0 | N35: 0 | O35: 0 | P35: 0 | Q35: 0 | R35: 0 | S35: 0 | T35: 0 | U35: 0 | V35: 0 | W35: 0 | X35: 0 | Y35: 0 | Z35: 0 | AA35: 0 | AB35: 0 | AC35: 2 | AD35: 0 | AE35: 0 | AF35: 0 | AG35: 0 | AH35: 0 | AI35: 0 | AJ35: 0 | AK35: 0 | AL35: 0 | AM35: 3 | AN35: 0 | AO35: 0 | AP35: 0 | AQ35: 0 | AR35: 0 | AS35: 1 | AT35: 0 | AU35: 0 | AV35: 0 | AW35: 0 | AX35: 0 | AY35: 0 | AZ35: 0 | BA35: 0 | BB35: 0 | BC35: 0 | BD35: 0 | BE35: 1 | BF35: 0 | BG35: 0 | BH35: 0 | BI35: 0 | BJ35: 0 | BK35: 0 | BL35: 0 | BM35: 0 | BN35: 0 | BO35: 0 | BP35: 0 | BQ35: 0 | BR35: 0 | BS35: 0 | BT35: 0 | BU35: 0 | BV35: 0 | BW35: 0 | BX35: 0 | BY35: 0 | BZ35: 0 | CA35: 0 | CB35: 0 | CC35: 0 | CD35: 0 | CE35: 0 | CF35: 1 | CG35: 0 | CH35: 0 | CI35: 0 | CJ35: 0 | CK35: 0 | CL35: 0 | CM35: 0 | CN35: 0 | CO35: 0 | CP35: 0 | CQ35: 0 | CR35: 0 | CS35: 0 | CT35: 0 | CU35: 0 | CV35: 0 | CW35: 0 | CX35: 0 | CY35: 0 | CZ35: 0
A36: Total | B36: Total | D36: BU8 | E36: BU8 | G36: =SUM(J36:CZ36) -> 13 | J36: =SUM(J33:J35) -> 0 | K36: =SUM(K33:K35) -> 0 | L36: =SUM(L33:L35) -> 0 | M36: =SUM(M33:M35) -> 0 | N36: =SUM(N33:N35) -> 0 | O36: =SUM(O33:O35) -> 0 | P36: =SUM(P33:P35) -> 0 | Q36: =SUM(Q33:Q35) -> 0 | ... CZ36: =SUM(CZ33:CZ35) -> 0
A37: 2 | B37: 2 | C37: 2 | D37: CE | E37: 1 | F37: 3 | G37: 6 | H37: 4 | I37: 2 | J37: 0 | K37: 0 | L37: 0 | M37: 0 | N37: 0 | O37: 0 | P37: 0 | Q37: 0 | R37: 0 | S37: 0 | T37: 0 | U37: 0 | V37: 0 | W37: 0 | X37: 0 | Y37: 0 | Z37: 0 | AA37: 0 | AB37: 0 | AC37: 0 | AD37: 0 | AE37: 0 | AF37: 0 | AG37: 0 | AH37: 0 | AI37: 0 | AJ37: 0 | AK37: 0 | AL37: 0 | AM37: 0 | AN37: 0 | AO37: 0 | AP37: 2 | AQ37: 0 | AR37: 0 | AS37: 0 | AT37: 0 | AU37: 0 | AV37: 0 | AW37: 0 | AX37: 0 | AY37: 0 | AZ37: 0 | BA37: 0 | BB37: 0 | BC37: 0 | BD37: 0 | BE37: 0 | BF37: 0 | BG37: 0 | BH37: 0 | BI37: 0 | BJ37: 0 | BK37: 0 | BL37: 2 | BM37: 0 | BN37: 0 | BO37: 0 | BP37: 0 | BQ37: 0 | BR37: 0 | BS37: 0 | BT37: 0 | BU37: 0 | BV37: 0 | BW37: 0 | BX37: 0 | BY37: 0 | BZ37: 0 | CA37: 0 | CB37: 0 | CC37: 0 | CD37: 0 | CE37: 0 | CF37: 0 | CG37: 0 | CH37: 0 | CI37: 0 | CJ37: 0 | CK37: 0 | CL37: 0 | CM37: 0 | CN37: 0 | CO37: 0 | CP37: 2 | CQ37: 0 | CR37: 0 | CS37: 0 | CT37: 0 | CU37: 0 | CV37: 0 | CW37: 0 | CX37: 0 | CY37: 0 | CZ37: 0
A38: 1 | B38: 2 | C38: 2 | D38: CE | E38: 1 | F38: 7 | G38: 9 | H38: 2 | I38: 7 | J38: 0 | K38: 0 | L38: 2 | M38: 0 | N38: 0 | O38: 0 | P38: 0 | Q38: 0 | R38: 0 | S38: 0 | T38: 0 | U38: 0 | V38: 0 | W38: 0 | X38: 0 | Y38: 1 | Z38: 0 | AA38: 0 | AB38: 0 | AC38: 0 | AD38: 0 | AE38: 0 | AF38: 0 | AG38: 0 | AH38: 2 | AI38: 0 | AJ38: 0 | AK38: 0 | AL38: 0 | AM38: 0 | AN38: 0 | AO38: 0 | AP38: 0 | AQ38: 0 | AR38: 0 | AS38: 0 | AT38: 0 | AU38: 0 | AV38: 1 | AW38: 0 | AX38: 0 | AY38: 0 | AZ38: 0 | BA38: 0 | BB38: 0 | BC38: 0 | BD38: 0 | BE38: 1 | BF38: 0 | BG38: 0 | BH38: 0 | BI38: 0 | BJ38: 0 | BK38: 0 | BL38: 0 | BM38: 0 | BN38: 0 | BO38: 0 | BP38: 0 | BQ38: 0 | BR38: 0 | BS38: 0 | BT38: 0 | BU38: 0 | BV38: 1 | BW38: 0 | BX38: 0 | BY38: 0 | BZ38: 0 | CA38: 0 | CB38: 1 | CC38: 0 | CD38: 0 | CE38: 0 | CF38: 0 | CG38: 0 | CH38: 0 | CI38: 0 | CJ38: 0 | CK38: 0 | CL38: 0 | CM38: 0 | CN38: 0 | CO38: 0 | CP38: 0 | CQ38: 0 | CR38: 0 | CS38: 0 | CT38: 0 | CU38: 0 | CV38: 0 | CW38: 0 | CX38: 0 | CY38: 0 | CZ38: 0
A39: 1 | B39: 1 | C39: 2 | D39: CE | E39: 1 | F39: 4 | G39: 6 | H39: 0 | I39: 6 | J39: 0 | K39: 0 | L39: 0 | M39: 0 | N39: 0 | O39: 0 | P39: 0 | Q39: 0 | R39: 2 | S39: 0 | T39: 0 | U39: 0 | V39: 0 | W39: 0 | X39: 0 | Y39: 0 | Z39: 0 | AA39: 0 | AB39: 0 | AC39: 0 | AD39: 0 | AE39: 0 | AF39: 0 | AG39: 0 | AH39: 0 | AI39: 0 | AJ39: 0 | AK39: 0 | AL39: 0 | AM39: 0 | AN39: 0 | AO39: 0 | AP39: 0 | AQ39: 0 | AR39: 0 | AS39: 0 | AT39: 0 | AU39: 0 | AV39: 0 | AW39: 0 | AX39: 0 | AY39: 0 | AZ39: 0 | BA39: 0 | BB39: 0 | BC39: 1 | BD39: 0 | BE39: 0 | BF39: 0 | BG39: 0 | BH39: 0 | BI39: 1 | BJ39: 0 | BK39: 0 | BL39: 2 | BM39: 0 | BN39: 0 | BO39: 0 | BP39: 0 | BQ39: 0 | BR39: 0 | BS39: 0 | BT39: 0 | BU39: 0 | BV39: 0 | BW39: 0 | BX39: 0 | BY39: 0 | BZ39: 0 | CA39: 0 | CB39: 0 | CC39: 0 | CD39: 0 | CE39: 0 | CF39: 0 | CG39: 0 | CH39: 0 | CI39: 0 | CJ39: 0 | CK39: 0 | CL39: 0 | CM39: 0 | CN39: 0 | CO39: 0 | CP39: 0 | CQ39: 0 | CR39: 0 | CS39: 0 | CT39: 0 | CU39: 0 | CV39: 0 | CW39: 0 | CX39: 0 | CY39: 0 | CZ39: 0
A40: 2 | B40: 1 | C40: 2 | D40: CE | E40: 1 | F40: 7 | G40: 7 | H40: 1 | I40: 5 | J40: 1 | K40: 0 | L40: 1 | M40: 1 | N40: 0 | O40: 1 | P40: 0 | Q40: 0 | R40: 0 | S40: 0 | T40: 0 | U40: 0 | V40: 1 | W40: 0 | X40: 0 | Y40: 0 | Z40: 0 | AA40: 0 | AB40: 0 | AC40: 0 | AD40: 0 | AE40: 0 | AF40: 0 | AG40: 0 | AH40: 0 | AI40: 0 | AJ40: 0 | AK40: 0 | AL40: 0 | AM40: 1 | AN40: 0 | AO40: 0 | AP40: 0 | AQ40: 0 | AR40: 0 | AS40: 0 | AT40: 0 | AU40: 0 | AV40: 0 | AW40: 0 | AX40: 0 | AY40: 0 | AZ40: 0 | BA40: 0 | BB40: 0 | BC40: 0 | BD40: 0 | BE40: 0 | BF40: 0 | BG40: 0 | BH40: 0 | BI40: 0 | BJ40: 0 | BK40: 0 | BL40: 0 | BM40: 0 | BN40: 0 | BO40: 0 | BP40: 0 | BQ40: 0 | BR40: 0 | BS40: 0 | BT40: 0 | BU40: 0 | BV40: 1 | BW40: 0 | BX40: 0 | BY40: 0 | BZ40: 0 | CA40: 0 | CB40: 0 | CC40: 0 | CD40: 0 | CE40: 0 | CF40: 0 | CG40: 0 | CH40: 0 | CI40: 0 | CJ40: 0 | CK40: 0 | CL40: 0 | CM40: 0 | CN40: 0 | CO40: 0 | CP40: 0 | CQ40: 0 | CR40: 0 | CS40: 0 | CT40: 0 | CU40: 0 | CV40: 0 | CW40: 0 | CX40: 0 | CY40: 0 | CZ40: 0
A41: 2 | B41: 3 | C41: 2 | D41: CE | E41: 1 | F41: 2 | G41: 2 | H41: 1 | I41: 1 | J41: 0 | K41: 0 | L41: 0 | M41: 0 | N41: 0 | O41: 0 | P41: 0 | Q41: 0 | R41: 0 | S41: 0 | T41: 0 | U41: 0 | V41: 0 | W41: 0 | X41: 0 | Y41: 0 | Z41: 0 | AA41: 0 | AB41: 0 | AC41: 0 | AD41: 0 | AE41: 0 | AF41: 0 | AG41: 0 | AH41: 0 | AI41: 0 | AJ41: 0 | AK41: 0 | AL41: 0 | AM41: 0 | AN41: 0 | AO41: 0 | AP41: 0 | AQ41: 0 | AR41: 0 | AS41: 0 | AT41: 0 | AU41: 0 | AV41: 1 | AW41: 0 | AX41: 0 | AY41: 0 | AZ41: 0 | BA41: 0 | BB41: 0 | BC41: 0 | BD41: 0 | BE41: 0 | BF41: 0 | BG41: 0 | BH41: 0 | BI41: 0 | BJ41: 0 | BK41: 0 | BL41: 0 | BM41: 0 | BN41: 0 | BO41: 0 | BP41: 0 | BQ41: 0 | BR41: 0 | BS41: 0 | BT41: 0 | BU41: 0 | BV41: 0 | BW41: 0 | BX41: 0 | BY41: 0 | BZ41: 0 | CA41: 0 | CB41: 0 | CC41: 0 | CD41: 0 | CE41: 0 | CF41: 1 | CG41: 0 | CH41: 0 | CI41: 0 | CJ41: 0 | CK41: 0 | CL41: 0 | CM41: 0 | CN41: 0 | CO41: 0 | CP41: 0 | CQ41: 0 | CR41: 0 | CS41: 0 | CT41: 0 | CU41: 0 | CV41: 0 | CW41: 0 | CX41: 0 | CY41: 0 | CZ41: 0
A42: Total | B42: Total | D42: CE1 | E42: CE1 | G42: =SUM(J42:CZ42) -> 30 | J42: =SUM(J37:J41) -> 1 | K42: =SUM(K37:K41) -> 0 | L42: =SUM(L37:L41) -> 3 | M42: =SUM(M37:M41) -> 1 | N42: =SUM(N37:N41) -> 0 | O42: =SUM(O37:O41) -> 1 | P42: =SUM(P37:P41) -> 0 | Q42: =SUM(Q37:Q41) -> 0 | ... CZ42: =SUM(CZ37:CZ41) -> 0
A51: 1 | B51: 1 | C51: 2 | D51: CE | E51: 4 | F51: 7 | G51: 17 | H51: 0 | I51: 17 | J51: 0 | K51: 2 | L51: 1 | M51: 0 | N51: 0 | O51: 0 | P51: 0 | Q51: 0 | R51: 8 | S51: 0 | T51: 0 | U51: 0 | V51: 0 | W51: 0 | X51: 0 | Y51: 0 | Z51: 0 | AA51: 0 | AB51: 0 | AC51: 0 | AD51: 0 | AE51: 0 | AF51: 0 | AG51: 0 | AH51: 0 | AI51: 0 | AJ51: 0 | AK51: 0 | AL51: 0 | AM51: 0 | AN51: 0 | AO51: 0 | AP51: 0 | AQ51: 0 | AR51: 0 | AS51: 0 | AT51: 0 | AU51: 0 | AV51: 0 | AW51: 0 | AX51: 0 | AY51: 0 | AZ51: 0 | BA51: 1 | BB51: 0 | BC51: 1 | BD51: 0 | BE51: 2 | BF51: 0 | BG51: 0 | BH51: 0 | BI51: 0 | BJ51: 0 | BK51: 0 | BL51: 0 | BM51: 0 | BN51: 0 | BO51: 0 | BP51: 0 | BQ51: 0 | BR51: 0 | BS51: 0 | BT51: 0 | BU51: 0 | BV51: 2 | BW51: 0 | BX51: 0 | BY51: 0 | BZ51: 0 | CA51: 0 | CB51: 0 | CC51: 0 | CD51: 0 | CE51: 0 | CF51: 0 | CG51: 0 | CH51: 0 | CI51: 0 | CJ51: 0 | CK51: 0 | CL51: 0 | CM51: 0 | CN51: 0 | CO51: 0 | CP51: 0 | CQ51: 0 | CR51: 0 | CS51: 0 | CT51: 0 | CU51: 0 | CV51: 0 | CW51: 0 | CX51: 0 | CY51: 0 | CZ51: 0
A52: 1 | B52: 2 | C52: 2 | D52: CE | E52: 4 | F52: 5 | G52: 6 | H52: 2 | I52: 3 | J52: 0 | K52: 1 | L52: 0 | M52: 0 | N52: 0 | O52: 0 | P52: 0 | Q52: 0 | R52: 0 | S52: 1 | T52: 0 | U52: 0 | V52: 0 | W52: 0 | X52: 0 | Y52: 0 | Z52: 0 | AA52: 0 | AB52: 0 | AC52: 1 | AD52: 0 | AE52: 0 | AF52: 0 | AG52: 2 | AH52: 0 | AI52: 0 | AJ52: 0 | AK52: 0 | AL52: 0 | AM52: 0 | AN52: 0 | AO52: 0 | AP52: 0 | AQ52: 0 | AR52: 0 | AS52: 0 | AT52: 0 | AU52: 0 | AV52: 0 | AW52: 0 | AX52: 0 | AY52: 0 | AZ52: 0 | BA52: 0 | BB52: 0 | BC52: 0 | BD52: 0 | BE52: 0 | BF52: 0 | BG52: 0 | BH52: 0 | BI52: 0 | BJ52: 0 | BK52: 0 | BL52: 0 | BM52: 0 | BN52: 0 | BO52: 0 | BP52: 0 | BQ52: 0 | BR52: 0 | BS52: 0 | BT52: 0 | BU52: 0 | BV52: 0 | BW52: 0 | BX52: 0 | BY52: 0 | BZ52: 0 | CA52: 0 | CB52: 0 | CC52: 0 | CD52: 0 | CE52: 0 | CF52: 1 | CG52: 0 | CH52: 0 | CI52: 0 | CJ52: 0 | CK52: 0 | CL52: 0 | CM52: 0 | CN52: 0 | CO52: 0 | CP52: 0 | CQ52: 0 | CR52: 0 | CS52: 0 | CT52: 0 | CU52: 0 | CV52: 0 | CW52: 0 | CX52: 0 | CY52: 0 | CZ52: 0
A53: 2 | B53: 1 | C53: 2 | D53: CE | E53: 4 | F53: 4 | G53: 6 | H53: 1 | I53: 5 | J53: 0 | K53: 3 | L53: 0 | M53: 0 | N53: 0 | O53: 0 | P53: 0 | Q53: 0 | R53: 1 | S53: 0 | T53: 0 | U53: 0 | V53: 0 | W53: 0 | X53: 0 | Y53: 0 | Z53: 0 | AA53: 0 | AB53: 0 | AC53: 0 | AD53: 0 | AE53: 0 | AF53: 0 | AG53: 0 | AH53: 1 | AI53: 0 | AJ53: 0 | AK53: 0 | AL53: 0 | AM53: 0 | AN53: 0 | AO53: 0 | AP53: 0 | AQ53: 0 | AR53: 0 | AS53: 0 | AT53: 0 | AU53: 0 | AV53: 0 | AW53: 0 | AX53: 0 | AY53: 0 | AZ53: 0 | BA53: 0 | BB53: 0 | BC53: 0 | BD53: 0 | BE53: 0 | BF53: 0 | BG53: 0 | BH53: 0 | BI53: 0 | BJ53: 0 | BK53: 0 | BL53: 0 | BM53: 0 | BN53: 0 | BO53: 0 | BP53: 0 | BQ53: 0 | BR53: 0 | BS53: 0 | BT53: 0 | BU53: 0 | BV53: 0 | BW53: 0 | BX53: 0 | BY53: 0 | BZ53: 0 | CA53: 0 | CB53: 0 | CC53: 0 | CD53: 0 | CE53: 0 | CF53: 1 | CG53: 0 | CH53: 0 | CI53: 0 | CJ53: 0 | CK53: 0 | CL53: 0 | CM53: 0 | CN53: 0 | CO53: 0 | CP53: 0 | CQ53: 0 | CR53: 0 | CS53: 0 | CT53: 0 | CU53: 0 | CV53: 0 | CW53: 0 | CX53: 0 | CY53: 0 | CZ53: 0
A54: 2 | B54: 2 | C54: 2 | D54: CE | E54: 4 | F54: 2 | G54: 2 | H54: 0 | I54: 2 | J54: 0 | K54: 0 | L54: 0 | M54: 0 | N54: 0 | O54: 0 | P54: 0 | Q54: 0 | R54: 1 | S54: 0 | T54: 0 | U54: 0 | V54: 0 | W54: 0 | X54: 0 | Y54: 0 | Z54: 0 | AA54: 0 | AB54: 0 | AC54: 0 | AD54: 0 | AE54: 0 | AF54: 0 | AG54: 0 | AH54: 0 | AI54: 0 | AJ54: 0 | AK54: 0 | AL54: 0 | AM54: 0 | AN54: 0 | AO54: 0 | AP54: 0 | AQ54: 0 | AR54: 0 | AS54: 0 | AT54: 0 | AU54: 0 | AV54: 0 | AW54: 0 | AX54: 0 | AY54: 0 | AZ54: 0 | BA54: 0 | BB54: 0 | BC54: 0 | BD54: 0 | BE54: 0 | BF54: 0 | BG54: 0 | BH54: 0 | BI54: 0 | BJ54: 0 | BK54: 0 | BL54: 1 | BM54: 0 | BN54: 0 | BO54: 0 | BP54: 0 | BQ54: 0 | BR54: 0 | BS54: 0 | BT54: 0 | BU54: 0 | BV54: 0 | BW54: 0 | BX54: 0 | BY54: 0 | BZ54: 0 | CA54: 0 | CB54: 0 | CC54: 0 | CD54: 0 | CE54: 0 | CF54: 0 | CG54: 0 | CH54: 0 | CI54: 0 | CJ54: 0 | CK54: 0 | CL54: 0 | CM54: 0 | CN54: 0 | CO54: 0 | CP54: 0 | CQ54: 0 | CR54: 0 | CS54: 0 | CT54: 0 | CU54: 0 | CV54: 0 | CW54: 0 | CX54: 0 | CY54: 0 | CZ54: 0
A55: 2 | B55: 3 | C55: 2 | D55: CE | E55: 4 | F55: 1 | G55: 1 | H55: 0 | I55: 1 | J55: 0 | K55: 0 | L55: 0 | M55: 0 | N55: 0 | O55: 0 | P55: 0 | Q55: 0 | R55: 0 | S55: 0 | T55: 0 | U55: 0 | V55: 0 | W55: 0 | X55: 0 | Y55: 0 | Z55: 0 | AA55: 0 | AB55: 0 | AC55: 0 | AD55: 0 | AE55: 0 | AF55: 0 | AG55: 0 | AH55: 0 | AI55: 0 | AJ55: 0 | AK55: 0 | AL55: 0 | AM55: 0 | AN55: 0 | AO55: 0 | AP55: 0 | AQ55: 0 | AR55: 0 | AS55: 0 | AT55: 0 | AU55: 0 | AV55: 0 | AW55: 0 | AX55: 0 | AY55: 0 | AZ55: 0 | BA55: 0 | BB55: 0 | BC55: 0 | BD55: 0 | BE55: 0 | BF55: 0 | BG55: 0 | BH55: 0 | BI55: 0 | BJ55: 0 | BK55: 0 | BL55: 1 | BM55: 0 | BN55: 0 | BO55: 0 | BP55: 0 | BQ55: 0 | BR55: 0 | BS55: 0 | BT55: 0 | BU55: 0 | BV55: 0 | BW55: 0 | BX55: 0 | BY55: 0 | BZ55: 0 | CA55: 0 | CB55: 0 | CC55: 0 | CD55: 0 | CE55: 0 | CF55: 0 | CG55: 0 | CH55: 0 | CI55: 0 | CJ55: 0 | CK55: 0 | CL55: 0 | CM55: 0 | CN55: 0 | CO55: 0 | CP55: 0 | CQ55: 0 | CR55: 0 | CS55: 0 | CT55: 0 | CU55: 0 | CV55: 0 | CW55: 0 | CX55: 0 | CY55: 0 | CZ55: 0
A56: Total | B56: Total | D56: CE4 | E56: CE4 | G56: =SUM(J56:CZ56) -> 32 | J56: =SUM(J51:J55) -> 0 | K56: =SUM(K51:K55) -> 6 | L56: =SUM(L51:L55) -> 1 | M56: =SUM(M51:M55) -> 0 | N56: =SUM(N51:N55) -> 0 | O56: =SUM(O51:O55) -> 0 | P56: =SUM(P51:P55) -> 0 | Q56: =SUM(Q51:Q55) -> 0 | ... CZ56: =SUM(CZ51:CZ55) -> 0
A62: 1 | B62: 1 | C62: 2 | D62: CE | E62: 6 | F62: 11 | G62: 21 | H62: 1 | I62: 17 | J62: 0 | K62: 2 | L62: 2 | M62: 0 | N62: 0 | O62: 0 | P62: 0 | Q62: 0 | R62: 1 | S62: 0 | T62: 0 | U62: 0 | V62: 0 | W62: 0 | X62: 0 | Y62: 0 | Z62: 0 | AA62: 0 | AB62: 0 | AC62: 0 | AD62: 0 | AE62: 0 | AF62: 0 | AG62: 0 | AH62: 0 | AI62: 0 | AJ62: 0 | AK62: 0 | AL62: 0 | AM62: 0 | AN62: 0 | AO62: 0 | AP62: 0 | AQ62: 0 | AR62: 0 | AS62: 0 | AT62: 0 | AU62: 0 | AV62: 0 | AW62: 0 | AX62: 0 | AY62: 0 | AZ62: 0 | BA62: 4 | BB62: 0 | BC62: 1 | BD62: 0 | BE62: 0 | BF62: 0 | BG62: 1 | BH62: 0 | BI62: 0 | BJ62: 0 | BK62: 0 | BL62: 2 | BM62: 0 | BN62: 3 | BO62: 0 | BP62: 0 | BQ62: 0 | BR62: 0 | BS62: 0 | BT62: 0 | BU62: 0 | BV62: 3 | BW62: 0 | BX62: 0 | BY62: 0 | BZ62: 0 | CA62: 0 | CB62: 0 | CC62: 0 | CD62: 0 | CE62: 0 | CF62: 0 | CG62: 0 | CH62: 1 | CI62: 0 | CJ62: 0 | CK62: 0 | CL62: 0 | CM62: 0 | CN62: 0 | CO62: 0 | CP62: 1 | CQ62: 0 | CR62: 0 | CS62: 0 | CT62: 0 | CU62: 0 | CV62: 0 | CW62: 0 | CX62: 0 | CY62: 0 | CZ62: 0
A63: 1 | B63: 2 | C63: 2 | D63: CE | E63: 6 | F63: 11 | G63: 18 | H63: 7 | I63: 9 | J63: 0 | K63: 0 | L63: 0 | M63: 0 | N63: 0 | O63: 0 | P63: 0 | Q63: 0 | R63: 0 | S63: 0 | T63: 0 | U63: 0 | V63: 0 | W63: 0 | X63: 0 | Y63: 0 | Z63: 0 | AA63: 2 | AB63: 0 | AC63: 0 | AD63: 0 | AE63: 0 | AF63: 0 | AG63: 3 | AH63: 0 | AI63: 0 | AJ63: 0 | AK63: 0 | AL63: 0 | AM63: 1 | AN63: 0 | AO63: 0 | AP63: 1 | AQ63: 0 | AR63: 0 | AS63: 0 | AT63: 0 | AU63: 0 | AV63: 0 | AW63: 0 | AX63: 0 | AY63: 0 | AZ63: 0 | BA63: 1 | BB63: 0 | BC63: 0 | BD63: 0 | BE63: 0 | BF63: 0 | BG63: 0 | BH63: 0 | BI63: 0 | BJ63: 0 | BK63: 0 | BL63: 3 | BM63: 0 | BN63: 2 | BO63: 0 | BP63: 1 | BQ63: 0 | BR63: 0 | BS63: 0 | BT63: 0 | BU63: 0 | BV63: 1 | BW63: 0 | BX63: 0 | BY63: 0 | BZ63: 0 | CA63: 0 | CB63: 0 | CC63: 0 | CD63: 0 | CE63: 0 | CF63: 2 | CG63: 0 | CH63: 0 | CI63: 0 | CJ63: 0 | CK63: 0 | CL63: 0 | CM63: 0 | CN63: 0 | CO63: 0 | CP63: 1 | CQ63: 0 | CR63: 0 | CS63: 0 | CT63: 0 | CU63: 0 | CV63: 0 | CW63: 0 | CX63: 0 | CY63: 0 | CZ63: 0
A64: 2 | B64: 2 | C64: 2 | D64: CE | E64: 6 | F64: 5 | G64: 8 | H64: 1 | I64: 7 | J64: 0 | K64: 0 | L64: 0 | M64: 0 | N64: 0 | O64: 0 | P64: 0 | Q64: 0 | R64: 0 | S64: 0 | T64: 0 | U64: 0 | V64: 0 | W64: 0 | X64: 0 | Y64: 0 | Z64: 0 | AA64: 0 | AB64: 0 | AC64: 0 | AD64: 0 | AE64: 0 | AF64: 0 | AG64: 1 | AH64: 0 | AI64: 0 | AJ64: 0 | AK64: 0 | AL64: 0 | AM64: 0 | AN64: 0 | AO64: 0 | AP64: 0 | AQ64: 0 | AR64: 0 | AS64: 0 | AT64: 0 | AU64: 0 | AV64: 0 | AW64: 0 | AX64: 0 | AY64: 0 | AZ64: 0 | BA64: 0 | BB64: 0 | BC64: 0 | BD64: 0 | BE64: 1 | BF64: 0 | BG64: 2 | BH64: 0 | BI64: 0 | BJ64: 0 | BK64: 0 | BL64: 3 | BM64: 0 | BN64: 0 | BO64: 0 | BP64: 0 | BQ64: 0 | BR64: 0 | BS64: 0 | BT64: 0 | BU64: 0 | BV64: 0 | BW64: 0 | BX64: 0 | BY64: 0 | BZ64: 0 | CA64: 0 | CB64: 0 | CC64: 0 | CD64: 0 | CE64: 0 | CF64: 1 | CG64: 0 | CH64: 0 | CI64: 0 | CJ64: 0 | CK64: 0 | CL64: 0 | CM64: 0 | CN64: 0 | CO64: 0 | CP64: 0 | CQ64: 0 | CR64: 0 | CS64: 0 | CT64: 0 | CU64: 0 | CV64: 0 | CW64: 0 | CX64: 0 | CY64: 0 | CZ64: 0
A65: 2 | B65: 3 | C65: 2 | D65: CE | E65: 6 | F65: 2 | G65: 2 | H65: 1 | I65: 1 | J65: 0 | K65: 0 | L65: 0 | M65: 0 | N65: 0 | O65: 0 | P65: 0 | Q65: 0 | R65: 0 | S65: 0 | T65: 0 | U65: 0 | V65: 0 | W65: 0 | X65: 0 | Y65: 0 | Z65: 0 | AA65: 0 | AB65: 0 | AC65: 0 | AD65: 0 | AE65: 0 | AF65: 0 | AG65: 0 | AH65: 0 | AI65: 0 | AJ65: 0 | AK65: 0 | AL65: 0 | AM65: 0 | AN65: 0 | AO65: 0 | AP65: 0 | AQ65: 0 | AR65: 0 | AS65: 0 | AT65: 0 | AU65: 0 | AV65: 0 | AW65: 0 | AX65: 0 | AY65: 0 | AZ65: 0 | BA65: 0 | BB65: 0 | BC65: 0 | BD65: 0 | BE65: 0 | BF65: 0 | BG65: 0 | BH65: 0 | BI65: 0 | BJ65: 0 | BK65: 0 | BL65: 1 | BM65: 0 | BN65: 0 | BO65: 0 | BP65: 0 | BQ65: 0 | BR65: 0 | BS65: 0 | BT65: 0 | BU65: 0 | BV65: 0 | BW65: 0 | BX65: 0 | BY65: 0 | BZ65: 0 | CA65: 0 | CB65: 0 | CC65: 0 | CD65: 0 | CE65: 0 | CF65: 1 | CG65: 0 | CH65: 0 | CI65: 0 | CJ65: 0 | CK65: 0 | CL65: 0 | CM65: 0 | CN65: 0 | CO65: 0 | CP65: 0 | CQ65: 0 | CR65: 0 | CS65: 0 | CT65: 0 | CU65: 0 | CV65: 0 | CW65: 0 | CX65: 0 | CY65: 0 | CZ65: 0
A66: 2 | B66: 1 | C66: 2 | D66: CE | E66: 6 | F66: 2 | G66: 4 | H66: 1 | I66: 3 | J66: 0 | K66: 0 | L66: 0 | M66: 0 | N66: 0 | O66: 0 | P66: 0 | Q66: 0 | R66: 3 | S66: 1 | T66: 0 | U66: 0 | V66: 0 | W66: 0 | X66: 0 | Y66: 0 | Z66: 0 | AA66: 0 | AB66: 0 | AC66: 0 | AD66: 0 | AE66: 0 | AF66: 0 | AG66: 0 | AH66: 0 | AI66: 0 | AJ66: 0 | AK66: 0 | AL66: 0 | AM66: 0 | AN66: 0 | AO66: 0 | AP66: 0 | AQ66: 0 | AR66: 0 | AS66: 0 | AT66: 0 | AU66: 0 | AV66: 0 | AW66: 0 | AX66: 0 | AY66: 0 | AZ66: 0 | BA66: 0 | BB66: 0 | BC66: 0 | BD66: 0 | BE66: 0 | BF66: 0 | BG66: 0 | BH66: 0 | BI66: 0 | BJ66: 0 | BK66: 0 | BL66: 0 | BM66: 0 | BN66: 0 | BO66: 0 | BP66: 0 | BQ66: 0 | BR66: 0 | BS66: 0 | BT66: 0 | BU66: 0 | BV66: 0 | BW66: 0 | BX66: 0 | BY66: 0 | BZ66: 0 | CA66: 0 | CB66: 0 | CC66: 0 | CD66: 0 | CE66: 0 | CF66: 0 | CG66: 0 | CH66: 0 | CI66: 0 | CJ66: 0 | CK66: 0 | CL66: 0 | CM66: 0 | CN66: 0 | CO66: 0 | CP66: 0 | CQ66: 0 | CR66: 0 | CS66: 0 | CT66: 0 | CU66: 0 | CV66: 0 | CW66: 0 | CX66: 0 | CY66: 0 | CZ66: 0
A67: Total | B67: Total | D67: CE6 | E67: CE6 | G67: =SUM(J67:CZ67) -> 53 | J67: =SUM(J62:J66) -> 0 | K67: =SUM(K62:K66) -> 2 | L67: =SUM(L62:L66) -> 2 | M67: =SUM(M62:M66) -> 0 | N67: =SUM(N62:N66) -> 0 | O67: =SUM(O62:O66) -> 0 | P67: =SUM(P62:P66) -> 0 | Q67: =SUM(Q62:Q66) -> 0 | ... CZ67: =SUM(CZ62:CZ66) -> 0
A68: 2 | B68: 2 | C68: 2 | D68: CE | E68: 8 | F68: 5 | G68: 7 | H68: 4 | I68: 3 | J68: 0 | K68: 0 | L68: 0 | M68: 0 | N68: 0 | O68: 0 | P68: 0 | Q68: 0 | R68: 0 | S68: 0 | T68: 0 | U68: 0 | V68: 0 | W68: 0 | X68: 0 | Y68: 0 | Z68: 0 | AA68: 0 | AB68: 1 | AC68: 0 | AD68: 0 | AE68: 0 | AF68: 0 | AG68: 0 | AH68: 0 | AI68: 0 | AJ68: 0 | AK68: 0 | AL68: 0 | AM68: 1 | AN68: 0 | AO68: 0 | AP68: 0 | AQ68: 0 | AR68: 0 | AS68: 0 | AT68: 0 | AU68: 0 | AV68: 0 | AW68: 0 | AX68: 0 | AY68: 0 | AZ68: 0 | BA68: 0 | BB68: 0 | BC68: 1 | BD68: 0 | BE68: 0 | BF68: 0 | BG68: 0 | BH68: 0 | BI68: 0 | BJ68: 0 | BK68: 0 | BL68: 1 | BM68: 0 | BN68: 0 | BO68: 0 | BP68: 0 | BQ68: 0 | BR68: 0 | BS68: 0 | BT68: 0 | BU68: 0 | BV68: 0 | BW68: 0 | BX68: 0 | BY68: 0 | BZ68: 0 | CA68: 0 | CB68: 0 | CC68: 0 | CD68: 0 | CE68: 0 | CF68: 0 | CG68: 0 | CH68: 0 | CI68: 0 | CJ68: 0 | CK68: 0 | CL68: 0 | CM68: 0 | CN68: 0 | CO68: 0 | CP68: 3 | CQ68: 0 | CR68: 0 | CS68: 0 | CT68: 0 | CU68: 0 | CV68: 0 | CW68: 0 | CX68: 0 | CY68: 0 | CZ68: 0
A69: 2 | B69: 1 | C69: 2 | D69: CE | E69: 8 | F69: 0 | G69: 0 | H69: 0 | I69: 0 | J69: 0 | K69: 0 | L69: 0 | M69: 0 | N69: 0 | O69: 0 | P69: 0 | Q69: 0 | R69: 0 | S69: 0 | T69: 0 | U69: 0 | V69: 0 | W69: 0 | X69: 0 | Y69: 0 | Z69: 0 | AA69: 0 | AB69: 0 | AC69: 0 | AD69: 0 | AE69: 0 | AF69: 0 | AG69: 0 | AH69: 0 | AI69: 0 | AJ69: 0 | AK69: 0 | AL69: 0 | AM69: 0 | AN69: 0 | AO69: 0 | AP69: 0 | AQ69: 0 | AR69: 0 | AS69: 0 | AT69: 0 | AU69: 0 | AV69: 0 | AW69: 0 | AX69: 0 | AY69: 0 | AZ69: 0 | BA69: 0 | BB69: 0 | BC69: 0 | BD69: 0 | BE69: 0 | BF69: 0 | BG69: 0 | BH69: 0 | BI69: 0 | BJ69: 0 | BK69: 0 | BL69: 0 | BM69: 0 | BN69: 0 | BO69: 0 | BP69: 0 | BQ69: 0 | BR69: 0 | BS69: 0 | BT69: 0 | BU69: 0 | BV69: 0 | BW69: 0 | BX69: 0 | BY69: 0 | BZ69: 0 | CA69: 0 | CB69: 0 | CC69: 0 | CD69: 0 | CE69: 0 | CF69: 0 | CG69: 0 | CH69: 0 | CI69: 0 | CJ69: 0 | CK69: 0 | CL69: 0 | CM69: 0 | CN69: 0 | CO69: 0 | CP69: 0 | CQ69: 0 | CR69: 0 | CS69: 0 | CT69: 0 | CU69: 0 | CV69: 0 | CW69: 0 | CX69: 0 | CY69: 0 | CZ69: 0
A70: 2 | B70: 3 | C70: 2 | D70: CE | E70: 8 | F70: 1 | G70: 1 | H70: 0 | I70: 1 | J70: 0 | K70: 0 | L70: 0 | M70: 0 | N70: 0 | O70: 0 | P70: 0 | Q70: 0 | R70: 0 | S70: 0 | T70: 0 | U70: 0 | V70: 0 | W70: 0 | X70: 0 | Y70: 0 | Z70: 0 | AA70: 0 | AB70: 0 | AC70: 0 | AD70: 0 | AE70: 0 | AF70: 0 | AG70: 0 | AH70: 0 | AI70: 0 | AJ70: 0 | AK70: 0 | AL70: 0 | AM70: 0 | AN70: 0 | AO70: 0 | AP70: 0 | AQ70: 0 | AR70: 0 | AS70: 0 | AT70: 0 | AU70: 0 | AV70: 0 | AW70: 0 | AX70: 0 | AY70: 0 | AZ70: 0 | BA70: 1 | BB70: 0 | BC70: 0 | BD70: 0 | BE70: 0 | BF70: 0 | BG70: 0 | BH70: 0 | BI70: 0 | BJ70: 0 | BK70: 0 | BL70: 0 | BM70: 0 | BN70: 0 | BO70: 0 | BP70: 0 | BQ70: 0 | BR70: 0 | BS70: 0 | BT70: 0 | BU70: 0 | BV70: 0 | BW70: 0 | BX70: 0 | BY70: 0 | BZ70: 0 | CA70: 0 | CB70: 0 | CC70: 0 | CD70: 0 | CE70: 0 | CF70: 0 | CG70: 0 | CH70: 0 | CI70: 0 | CJ70: 0 | CK70: 0 | CL70: 0 | CM70: 0 | CN70: 0 | CO70: 0 | CP70: 0 | CQ70: 0 | CR70: 0 | CS70: 0 | CT70: 0 | CU70: 0 | CV70: 0 | CW70: 0 | CX70: 0 | CY70: 0 | CZ70: 0
A71: Total | B71: Total | D71: CE8 | E71: CE8 | G71: =SUM(J71:CZ71) -> 8 | J71: =SUM(J68:J70) -> 0 | K71: =SUM(K68:K70) -> 0 | L71: =SUM(L68:L70) -> 0 | M71: =SUM(M68:M70) -> 0 | N71: =SUM(N68:N70) -> 0 | O71: =SUM(O68:O70) -> 0 | P71: =SUM(P68:P70) -> 0 | Q71: =SUM(Q68:Q70) -> 0 | ... CZ71: =SUM(CZ68:CZ70) -> 0
A72: 1 | B72: 2 | C72: 3 | D72: DS | E72: 1 | F72: 4 | G72: 6 | H72: 2 | I72: 3 | J72: 0 | K72: 0 | L72: 0 | M72: 0 | N72: 0 | O72: 0 | P72: 0 | Q72: 0 | R72: 0 | S72: 0 | T72: 0 | U72: 0 | V72: 0 | W72: 2 | X72: 0 | Y72: 0 | Z72: 0 | AA72: 0 | AB72: 0 | AC72: 0 | AD72: 0 | AE72: 0 | AF72: 0 | AG72: 0 | AH72: 1 | AI72: 0 | AJ72: 0 | AK72: 0 | AL72: 0 | AM72: 0 | AN72: 0 | AO72: 0 | AP72: 0 | AQ72: 0 | AR72: 0 | AS72: 0 | AT72: 0 | AU72: 0 | AV72: 0 | AW72: 0 | AX72: 0 | AY72: 0 | AZ72: 0 | BA72: 0 | BB72: 0 | BC72: 0 | BD72: 0 | BE72: 2 | BF72: 0 | BG72: 0 | BH72: 0 | BI72: 0 | BJ72: 0 | BK72: 0 | BL72: 0 | BM72: 0 | BN72: 1 | BO72: 0 | BP72: 0 | BQ72: 0 | BR72: 0 | BS72: 0 | BT72: 0 | BU72: 0 | BV72: 0 | BW72: 0 | BX72: 0 | BY72: 0 | BZ72: 0 | CA72: 0 | CB72: 0 | CC72: 0 | CD72: 0 | CE72: 0 | CF72: 0 | CG72: 0 | CH72: 0 | CI72: 0 | CJ72: 0 | CK72: 0 | CL72: 0 | CM72: 0 | CN72: 0 | CO72: 0 | CP72: 0 | CQ72: 0 | CR72: 0 | CS72: 0 | CT72: 0 | CU72: 0 | CV72: 0 | CW72: 0 | CX72: 0 | CY72: 0 | CZ72: 0
A73: 2 | B73: 2 | C73: 3 | D73: DS | E73: 1 | F73: 4 | G73: 6 | H73: 0 | I73: 5 | J73: 0 | K73: 0 | L73: 0 | M73: 0 | N73: 0 | O73: 0 | P73: 0 | Q73: 0 | R73: 0 | S73: 0 | T73: 0 | U73: 0 | V73: 1 | W73: 0 | X73: 0 | Y73: 0 | Z73: 0 | AA73: 0 | AB73: 0 | AC73: 0 | AD73: 0 | AE73: 0 | AF73: 0 | AG73: 1 | AH73: 0 | AI73: 0 | AJ73: 0 | AK73: 0 | AL73: 0 | AM73: 0 | AN73: 0 | AO73: 0 | AP73: 0 | AQ73: 0 | AR73: 0 | AS73: 0 | AT73: 0 | AU73: 0 | AV73: 0 | AW73: 0 | AX73: 0 | AY73: 0 | AZ73: 0 | BA73: 3 | BB73: 0 | BC73: 0 | BD73: 0 | BE73: 1 | BF73: 0 | BG73: 0 | BH73: 0 | BI73: 0 | BJ73: 0 | BK73: 0 | BL73: 0 | BM73: 0 | BN73: 0 | BO73: 0 | BP73: 0 | BQ73: 0 | BR73: 0 | BS73: 0 | BT73: 0 | BU73: 0 | BV73: 0 | BW73: 0 | BX73: 0 | BY73: 0 | BZ73: 0 | CA73: 0 | CB73: 0 | CC73: 0 | CD73: 0 | CE73: 0 | CF73: 0 | CG73: 0 | CH73: 0 | CI73: 0 | CJ73: 0 | CK73: 0 | CL73: 0 | CM73: 0 | CN73: 0 | CO73: 0 | CP73: 0 | CQ73: 0 | CR73: 0 | CS73: 0 | CT73: 0 | CU73: 0 | CV73: 0 | CW73: 0 | CX73: 0 | CY73: 0 | CZ73: 0
A74: 2 | B74: 3 | C74: 3 | D74: DS | E74: 1 | F74: 1 | G74: 1 | H74: 0 | I74: 1 | J74: 0 | K74: 0 | L74: 0 | M74: 0 | N74: 0 | O74: 0 | P74: 0 | Q74: 0 | R74: 0 | S74: 0 | T74: 0 | U74: 0 | V74: 0 | W74: 0 | X74: 0 | Y74: 0 | Z74: 0 | AA74: 0 | AB74: 0 | AC74: 0 | AD74: 0 | AE74: 0 | AF74: 0 | AG74: 1 | AH74: 0 | AI74: 0 | AJ74: 0 | AK74: 0 | AL74: 0 | AM74: 0 | AN74: 0 | AO74: 0 | AP74: 0 | AQ74: 0 | AR74: 0 | AS74: 0 | AT74: 0 | AU74: 0 | AV74: 0 | AW74: 0 | AX74: 0 | AY74: 0 | AZ74: 0 | BA74: 0 | BB74: 0 | BC74: 0 | BD74: 0 | BE74: 0 | BF74: 0 | BG74: 0 | BH74: 0 | BI74: 0 | BJ74: 0 | BK74: 0 | BL74: 0 | BM74: 0 | BN74: 0 | BO74: 0 | BP74: 0 | BQ74: 0 | BR74: 0 | BS74: 0 | BT74: 0 | BU74: 0 | BV74: 0 | BW74: 0 | BX74: 0 | BY74: 0 | BZ74: 0 | CA74: 0 | CB74: 0 | CC74: 0 | CD74: 0 | CE74: 0 | CF74: 0 | CG74: 0 | CH74: 0 | CI74: 0 | CJ74: 0 | CK74: 0 | CL74: 0 | CM74: 0 | CN74: 0 | CO74: 0 | CP74: 0 | CQ74: 0 | CR74: 0 | CS74: 0 | CT74: 0 | CU74: 0 | CV74: 0 | CW74: 0 | CX74: 0 | CY74: 0 | CZ74: 0
A75: 1 | B75: 1 | C75: 3 | D75: DS | E75: 1 | F75: 3 | G75: 4 | H75: 0 | I75: 4 | J75: 0 | K75: 0 | L75: 0 | M75: 0 | N75: 0 | O75: 0 | P75: 0 | Q75: 0 | R75: 0 | S75: 0 | T75: 0 | U75: 0 | V75: 0 | W75: 0 | X75: 0 | Y75: 0 | Z75: 0 | AA75: 0 | AB75: 0 | AC75: 0 | AD75: 0 | AE75: 0 | AF75: 0 | AG75: 1 | AH75: 0 | AI75: 0 | AJ75: 0 | AK75: 0 | AL75: 0 | AM75: 0 | AN75: 0 | AO75: 0 | AP75: 0 | AQ75: 0 | AR75: 0 | AS75: 0 | AT75: 0 | AU75: 0 | AV75: 0 | AW75: 0 | AX75: 0 | AY75: 0 | AZ75: 0 | BA75: 0 | BB75: 0 | BC75: 1 | BD75: 0 | BE75: 0 | BF75: 0 | BG75: 0 | BH75: 0 | BI75: 0 | BJ75: 0 | BK75: 0 | BL75: 0 | BM75: 0 | BN75: 0 | BO75: 0 | BP75: 0 | BQ75: 0 | BR75: 0 | BS75: 0 | BT75: 0 | BU75: 0 | BV75: 0 | BW75: 0 | BX75: 0 | BY75: 0 | BZ75: 0 | CA75: 0 | CB75: 0 | CC75: 0 | CD75: 0 | CE75: 0 | CF75: 0 | CG75: 0 | CH75: 2 | CI75: 0 | CJ75: 0 | CK75: 0 | CL75: 0 | CM75: 0 | CN75: 0 | CO75: 0 | CP75: 0 | CQ75: 0 | CR75: 0 | CS75: 0 | CT75: 0 | CU75: 0 | CV75: 0 | CW75: 0 | CX75: 0 | CY75: 0 | CZ75: 0
A76: 2 | B76: 1 | C76: 3 | D76: DS | E76: 1 | F76: 2 | G76: 2 | H76: 0 | I76: 2 | J76: 0 | K76: 0 | L76: 0 | M76: 0 | N76: 0 | O76: 0 | P76: 0 | Q76: 0 | R76: 1 | S76: 0 | T76: 0 | U76: 0 | V76: 0 | W76: 0 | X76: 0 | Y76: 0 | Z76: 0 | AA76: 0 | AB76: 0 | AC76: 0 | AD76: 0 | AE76: 0 | AF76: 0 | AG76: 0 | AH76: 0 | AI76: 0 | AJ76: 0 | AK76: 0 | AL76: 0 | AM76: 0 | AN76: 0 | AO76: 0 | AP76: 0 | AQ76: 0 | AR76: 0 | AS76: 0 | AT76: 0 | AU76: 0 | AV76: 0 | AW76: 0 | AX76: 0 | AY76: 0 | AZ76: 0 | BA76: 1 | BB76: 0 | BC76: 0 | BD76: 0 | BE76: 0 | BF76: 0 | BG76: 0 | BH76: 0 | BI76: 0 | BJ76: 0 | BK76: 0 | BL76: 0 | BM76: 0 | BN76: 0 | BO76: 0 | BP76: 0 | BQ76: 0 | BR76: 0 | BS76: 0 | BT76: 0 | BU76: 0 | BV76: 0 | BW76: 0 | BX76: 0 | BY76: 0 | BZ76: 0 | CA76: 0 | CB76: 0 | CC76: 0 | CD76: 0 | CE76: 0 | CF76: 0 | CG76: 0 | CH76: 0 | CI76: 0 | CJ76: 0 | CK76: 0 | CL76: 0 | CM76: 0 | CN76: 0 | CO76: 0 | CP76: 0 | CQ76: 0 | CR76: 0 | CS76: 0 | CT76: 0 | CU76: 0 | CV76: 0 | CW76: 0 | CX76: 0 | CY76: 0 | CZ76: 0
A77: Total | B77: Total | D77: DS1 | E77: DS1 | G77: =SUM(J77:CZ77) -> 19 | J77: =SUM(J72:J76) -> 0 | K77: =SUM(K72:K76) -> 0 | L77: =SUM(L72:L76) -> 0 | M77: =SUM(M72:M76) -> 0 | N77: =SUM(N72:N76) -> 0 | O77: =SUM(O72:O76) -> 0 | P77: =SUM(P72:P76) -> 0 | Q77: =SUM(Q72:Q76) -> 0 | ... CZ77: =SUM(CZ72:CZ76) -> 0
A86: 1 | B86: 2 | C86: 3 | D86: DS | E86: 4 | F86: 4 | G86: 5 | H86: 1 | I86: 4 | J86: 0 | K86: 0 | L86: 0 | M86: 0 | N86: 0 | O86: 0 | P86: 0 | Q86: 0 | R86: 0 | S86: 0 | T86: 0 | U86: 0 | V86: 0 | W86: 0 | X86: 0 | Y86: 0 | Z86: 0 | AA86: 0 | AB86: 0 | AC86: 0 | AD86: 0 | AE86: 0 | AF86: 0 | AG86: 2 | AH86: 0 | AI86: 0 | AJ86: 0 | AK86: 0 | AL86: 0 | AM86: 0 | AN86: 0 | AO86: 0 | AP86: 0 | AQ86: 0 | AR86: 0 | AS86: 0 | AT86: 0 | AU86: 0 | AV86: 1 | AW86: 0 | AX86: 0 | AY86: 0 | AZ86: 0 | BA86: 1 | BB86: 0 | BC86: 0 | BD86: 0 | BE86: 0 | BF86: 0 | BG86: 0 | BH86: 0 | BI86: 0 | BJ86: 0 | BK86: 0 | BL86: 0 | BM86: 0 | BN86: 0 | BO86: 0 | BP86: 0 | BQ86: 0 | BR86: 0 | BS86: 0 | BT86: 0 | BU86: 0 | BV86: 0 | BW86: 0 | BX86: 0 | BY86: 0 | BZ86: 0 | CA86: 0 | CB86: 0 | CC86: 0 | CD86: 0 | CE86: 0 | CF86: 1 | CG86: 0 | CH86: 0 | CI86: 0 | CJ86: 0 | CK86: 0 | CL86: 0 | CM86: 0 | CN86: 0 | CO86: 0 | CP86: 0 | CQ86: 0 | CR86: 0 | CS86: 0 | CT86: 0 | CU86: 0 | CV86: 0 | CW86: 0 | CX86: 0 | CY86: 0 | CZ86: 0
A87: 1 | B87: 1 | C87: 3 | D87: DS | E87: 4 | F87: 1 | G87: 1 | H87: 0 | I87: 1 | J87: 0 | K87: 0 | L87: 1 | M87: 0 | N87: 0 | O87: 0 | P87: 0 | Q87: 0 | R87: 0 | S87: 0 | T87: 0 | U87: 0 | V87: 0 | W87: 0 | X87: 0 | Y87: 0 | Z87: 0 | AA87: 0 | AB87: 0 | AC87: 0 | AD87: 0 | AE87: 0 | AF87: 0 | AG87: 0 | AH87: 0 | AI87: 0 | AJ87: 0 | AK87: 0 | AL87: 0 | AM87: 0 | AN87: 0 | AO87: 0 | AP87: 0 | AQ87: 0 | AR87: 0 | AS87: 0 | AT87: 0 | AU87: 0 | AV87: 0 | AW87: 0 | AX87: 0 | AY87: 0 | AZ87: 0 | BA87: 0 | BB87: 0 | BC87: 0 | BD87: 0 | BE87: 0 | BF87: 0 | BG87: 0 | BH87: 0 | BI87: 0 | BJ87: 0 | BK87: 0 | BL87: 0 | BM87: 0 | BN87: 0 | BO87: 0 | BP87: 0 | BQ87: 0 | BR87: 0 | BS87: 0 | BT87: 0 | BU87: 0 | BV87: 0 | BW87: 0 | BX87: 0 | BY87: 0 | BZ87: 0 | CA87: 0 | CB87: 0 | CC87: 0 | CD87: 0 | CE87: 0 | CF87: 0 | CG87: 0 | CH87: 0 | CI87: 0 | CJ87: 0 | CK87: 0 | CL87: 0 | CM87: 0 | CN87: 0 | CO87: 0 | CP87: 0 | CQ87: 0 | CR87: 0 | CS87: 0 | CT87: 0 | CU87: 0 | CV87: 0 | CW87: 0 | CX87: 0 | CY87: 0 | CZ87: 0
A88: 2 | B88: 1 | C88: 3 | D88: DS | E88: 4 | F88: 6 | G88: 11 | H88: 3 | I88: 8 | J88: 0 | K88: 0 | L88: 0 | M88: 0 | N88: 0 | O88: 0 | P88: 0 | Q88: 0 | R88: 1 | S88: 0 | T88: 0 | U88: 0 | V88: 0 | W88: 0 | X88: 0 | Y88: 0 | Z88: 0 | AA88: 0 | AB88: 0 | AC88: 0 | AD88: 0 | AE88: 0 | AF88: 0 | AG88: 0 | AH88: 0 | AI88: 0 | AJ88: 0 | AK88: 0 | AL88: 0 | AM88: 0 | AN88: 0 | AO88: 0 | AP88: 2 | AQ88: 0 | AR88: 0 | AS88: 0 | AT88: 0 | AU88: 0 | AV88: 0 | AW88: 0 | AX88: 0 | AY88: 0 | AZ88: 0 | BA88: 3 | BB88: 0 | BC88: 0 | BD88: 0 | BE88: 2 | BF88: 0 | BG88: 0 | BH88: 0 | BI88: 0 | BJ88: 0 | BK88: 0 | BL88: 0 | BM88: 0 | BN88: 0 | BO88: 0 | BP88: 0 | BQ88: 0 | BR88: 0 | BS88: 0 | BT88: 0 | BU88: 0 | BV88: 2 | BW88: 0 | BX88: 0 | BY88: 0 | BZ88: 0 | CA88: 0 | CB88: 0 | CC88: 0 | CD88: 0 | CE88: 0 | CF88: 0 | CG88: 0 | CH88: 0 | CI88: 0 | CJ88: 0 | CK88: 0 | CL88: 0 | CM88: 0 | CN88: 0 | CO88: 0 | CP88: 1 | CQ88: 0 | CR88: 0 | CS88: 0 | CT88: 0 | CU88: 0 | CV88: 0 | CW88: 0 | CX88: 0 | CY88: 0 | CZ88: 0
A89: 2 | B89: 2 | C89: 3 | D89: DS | E89: 4 | F89: 9 | G89: 17 | H89: 5 | I89: 11 | J89: 0 | K89: 0 | L89: 0 | M89: 0 | N89: 0 | O89: 0 | P89: 0 | Q89: 0 | R89: 0 | S89: 0 | T89: 0 | U89: 1 | V89: 1 | W89: 4 | X89: 0 | Y89: 0 | Z89: 0 | AA89: 0 | AB89: 0 | AC89: 0 | AD89: 0 | AE89: 0 | AF89: 0 | AG89: 1 | AH89: 2 | AI89: 0 | AJ89: 0 | AK89: 0 | AL89: 0 | AM89: 0 | AN89: 0 | AO89: 0 | AP89: 0 | AQ89: 0 | AR89: 0 | AS89: 0 | AT89: 1 | AU89: 0 | AV89: 0 | AW89: 0 | AX89: 0 | AY89: 0 | AZ89: 0 | BA89: 3 | BB89: 0 | BC89: 0 | BD89: 0 | BE89: 3 | BF89: 0 | BG89: 0 | BH89: 0 | BI89: 0 | BJ89: 0 | BK89: 0 | BL89: 0 | BM89: 0 | BN89: 0 | BO89: 0 | BP89: 0 | BQ89: 0 | BR89: 0 | BS89: 0 | BT89: 0 | BU89: 0 | BV89: 1 | BW89: 0 | BX89: 0 | BY89: 0 | BZ89: 0 | CA89: 0 | CB89: 0 | CC89: 0 | CD89: 0 | CE89: 0 | CF89: 0 | CG89: 0 | CH89: 0 | CI89: 0 | CJ89: 0 | CK89: 0 | CL89: 0 | CM89: 0 | CN89: 0 | CO89: 0 | CP89: 0 | CQ89: 0 | CR89: 0 | CS89: 0 | CT89: 0 | CU89: 0 | CV89: 0 | CW89: 0 | CX89: 0 | CY89: 0 | CZ89: 0
A90: 2 | B90: 3 | C90: 3 | D90: DS | E90: 4 | F90: 3 | G90: 5 | H90: 1 | I90: 4 | J90: 0 | K90: 0 | L90: 0 | M90: 0 | N90: 0 | O90: 0 | P90: 0 | Q90: 0 | R90: 0 | S90: 0 | T90: 0 | U90: 0 | V90: 0 | W90: 1 | X90: 0 | Y90: 0 | Z90: 0 | AA90: 0 | AB90: 0 | AC90: 0 | AD90: 0 | AE90: 0 | AF90: 0 | AG90: 0 | AH90: 1 | AI90: 0 | AJ90: 0 | AK90: 0 | AL90: 0 | AM90: 0 | AN90: 0 | AO90: 0 | AP90: 0 | AQ90: 0 | AR90: 0 | AS90: 0 | AT90: 0 | AU90: 0 | AV90: 0 | AW90: 0 | AX90: 0 | AY90: 0 | AZ90: 0 | BA90: 0 | BB90: 0 | BC90: 0 | BD90: 0 | BE90: 3 | BF90: 0 | BG90: 0 | BH90: 0 | BI90: 0 | BJ90: 0 | BK90: 0 | BL90: 0 | BM90: 0 | BN90: 0 | BO90: 0 | BP90: 0 | BQ90: 0 | BR90: 0 | BS90: 0 | BT90: 0 | BU90: 0 | BV90: 0 | BW90: 0 | BX90: 0 | BY90: 0 | BZ90: 0 | CA90: 0 | CB90: 0 | CC90: 0 | CD90: 0 | CE90: 0 | CF90: 0 | CG90: 0 | CH90: 0 | CI90: 0 | CJ90: 0 | CK90: 0 | CL90: 0 | CM90: 0 | CN90: 0 | CO90: 0 | CP90: 0 | CQ90: 0 | CR90: 0 | CS90: 0 | CT90: 0 | CU90: 0 | CV90: 0 | CW90: 0 | CX90: 0 | CY90: 0 | CZ90: 0
A91: Total | B91: Total | D91: DS4 | E91: DS4 | G91: =SUM(J91:CZ91) -> 39 | J91: =SUM(J86:J90) -> 0 | K91: =SUM(K86:K90) -> 0 | L91: =SUM(L86:L90) -> 1 | M91: =SUM(M86:M90) -> 0 | N91: =SUM(N86:N90) -> 0 | O91: =SUM(O86:O90) -> 0 | P91: =SUM(P86:P90) -> 0 | Q91: =SUM(Q86:Q90) -> 0 | ... CZ91: =SUM(CZ86:CZ90) -> 0
A97: 1 | B97: 1 | C97: 3 | D97: DS | E97: 6 | F97: 8 | G97: 9 | H97: 1 | I97: 8 | J97: 0 | K97: 0 | L97: 0 | M97: 0 | N97: 0 | O97: 0 | P97: 0 | Q97: 0 | R97: 1 | S97: 0 | T97: 0 | U97: 0 | V97: 0 | W97: 0 | X97: 0 | Y97: 0 | Z97: 0 | AA97: 0 | AB97: 1 | AC97: 0 | AD97: 0 | AE97: 0 | AF97: 0 | AG97: 0 | AH97: 0 | AI97: 0 | AJ97: 0 | AK97: 0 | AL97: 0 | AM97: 0 | AN97: 0 | AO97: 0 | AP97: 0 | AQ97: 0 | AR97: 0 | AS97: 0 | AT97: 0 | AU97: 0 | AV97: 0 | AW97: 0 | AX97: 0 | AY97: 0 | AZ97: 1 | BA97: 2 | BB97: 0 | BC97: 0 | BD97: 0 | BE97: 1 | BF97: 0 | BG97: 0 | BH97: 0 | BI97: 0 | BJ97: 0 | BK97: 0 | BL97: 0 | BM97: 0 | BN97: 0 | BO97: 1 | BP97: 0 | BQ97: 0 | BR97: 0 | BS97: 0 | BT97: 0 | BU97: 0 | BV97: 0 | BW97: 0 | BX97: 0 | BY97: 0 | BZ97: 0 | CA97: 0 | CB97: 0 | CC97: 0 | CD97: 0 | CE97: 0 | CF97: 0 | CG97: 0 | CH97: 1 | CI97: 0 | CJ97: 0 | CK97: 0 | CL97: 0 | CM97: 0 | CN97: 0 | CO97: 0 | CP97: 1 | CQ97: 0 | CR97: 0 | CS97: 0 | CT97: 0 | CU97: 0 | CV97: 0 | CW97: 0 | CX97: 0 | CY97: 0 | CZ97: 0
A98: 1 | B98: 2 | C98: 3 | D98: DS | E98: 6 | F98: 6 | G98: 8 | H98: 1 | I98: 5 | J98: 0 | K98: 0 | L98: 0 | M98: 0 | N98: 0 | O98: 0 | P98: 0 | Q98: 0 | R98: 0 | S98: 0 | T98: 0 | U98: 2 | V98: 0 | W98: 0 | X98: 0 | Y98: 0 | Z98: 0 | AA98: 0 | AB98: 0 | AC98: 1 | AD98: 0 | AE98: 0 | AF98: 0 | AG98: 2 | AH98: 0 | AI98: 0 | AJ98: 0 | AK98: 0 | AL98: 0 | AM98: 1 | AN98: 0 | AO98: 0 | AP98: 0 | AQ98: 0 | AR98: 0 | AS98: 0 | AT98: 0 | AU98: 0 | AV98: 0 | AW98: 0 | AX98: 0 | AY98: 0 | AZ98: 0 | BA98: 0 | BB98: 0 | BC98: 1 | BD98: 0 | BE98: 0 | BF98: 0 | BG98: 0 | BH98: 0 | BI98: 0 | BJ98: 0 | BK98: 0 | BL98: 0 | BM98: 0 | BN98: 1 | BO98: 0 | BP98: 0 | BQ98: 0 | BR98: 0 | BS98: 0 | BT98: 0 | BU98: 0 | BV98: 0 | BW98: 0 | BX98: 0 | BY98: 0 | BZ98: 0 | CA98: 0 | CB98: 0 | CC98: 0 | CD98: 0 | CE98: 0 | CF98: 0 | CG98: 0 | CH98: 0 | CI98: 0 | CJ98: 0 | CK98: 0 | CL98: 0 | CM98: 0 | CN98: 0 | CO98: 0 | CP98: 0 | CQ98: 0 | CR98: 0 | CS98: 0 | CT98: 0 | CU98: 0 | CV98: 0 | CW98: 0 | CX98: 0 | CY98: 0 | CZ98: 0
A99: 2 | B99: 2 | C99: 3 | D99: DS | E99: 6 | F99: 4 | G99: 8 | H99: 4 | I99: 4 | J99: 0 | K99: 0 | L99: 0 | M99: 0 | N99: 0 | O99: 0 | P99: 0 | Q99: 0 | R99: 0 | S99: 0 | T99: 0 | U99: 1 | V99: 0 | W99: 0 | X99: 0 | Y99: 0 | Z99: 0 | AA99: 0 | AB99: 0 | AC99: 0 | AD99: 0 | AE99: 0 | AF99: 0 | AG99: 0 | AH99: 0 | AI99: 0 | AJ99: 0 | AK99: 0 | AL99: 0 | AM99: 0 | AN99: 0 | AO99: 0 | AP99: 0 | AQ99: 0 | AR99: 0 | AS99: 0 | AT99: 0 | AU99: 0 | AV99: 0 | AW99: 0 | AX99: 0 | AY99: 0 | AZ99: 0 | BA99: 0 | BB99: 0 | BC99: 1 | BD99: 0 | BE99: 0 | BF99: 0 | BG99: 0 | BH99: 0 | BI99: 0 | BJ99: 0 | BK99: 0 | BL99: 0 | BM99: 0 | BN99: 0 | BO99: 2 | BP99: 0 | BQ99: 0 | BR99: 0 | BS99: 0 | BT99: 0 | BU99: 0 | BV99: 0 | BW99: 0 | BX99: 0 | BY99: 0 | BZ99: 0 | CA99: 4 | CB99: 0 | CC99: 0 | CD99: 0 | CE99: 0 | CF99: 0 | CG99: 0 | CH99: 0 | CI99: 0 | CJ99: 0 | CK99: 0 | CL99: 0 | CM99: 0 | CN99: 0 | CO99: 0 | CP99: 0 | CQ99: 0 | CR99: 0 | CS99: 0 | CT99: 0 | CU99: 0 | CV99: 0 | CW99: 0 | CX99: 0 | CY99: 0 | CZ99: 0
A100: 2 | B100: 1 | C100: 3 | D100: DS | E100: 6 | F100: 0 | G100: 0 | H100: 0 | I100: 0 | J100: 0 | K100: 0 | L100: 0 | M100: 0 | N100: 0 | O100: 0 | P100: 0 | Q100: 0 | R100: 0 | S100: 0 | T100: 0 | U100: 0 | V100: 0 | W100: 0 | X100: 0 | Y100: 0 | Z100: 0 | AA100: 0 | AB100: 0 | AC100: 0 | AD100: 0 | AE100: 0 | AF100: 0 | AG100: 0 | AH100: 0 | AI100: 0 | AJ100: 0 | AK100: 0 | AL100: 0 | AM100: 0 | AN100: 0 | AO100: 0 | AP100: 0 | AQ100: 0 | AR100: 0 | AS100: 0 | AT100: 0 | AU100: 0 | AV100: 0 | AW100: 0 | AX100: 0 | AY100: 0 | AZ100: 0 | BA100: 0 | BB100: 0 | BC100: 0 | BD100: 0 | BE100: 0 | BF100: 0 | BG100: 0 | BH100: 0 | BI100: 0 | BJ100: 0 | BK100: 0 | BL100: 0 | BM100: 0 | BN100: 0 | BO100: 0 | BP100: 0 | BQ100: 0 | BR100: 0 | BS100: 0 | BT100: 0 | BU100: 0 | BV100: 0 | BW100: 0 | BX100: 0 | BY100: 0 | BZ100: 0 | CA100: 0 | CB100: 0 | CC100: 0 | CD100: 0 | CE100: 0 | CF100: 0 | CG100: 0 | CH100: 0 | CI100: 0 | CJ100: 0 | CK100: 0 | CL100: 0 | CM100: 0 | CN100: 0 | CO100: 0 | CP100: 0 | CQ100: 0 | CR100: 0 | CS100: 0 | CT100: 0 | CU100: 0 | CV100: 0 | CW100: 0 | CX100: 0 | CY100: 0 | CZ100: 0
A101: 2 | B101: 3 | C101: 3 | D101: DS | E101: 6 | F101: 0 | G101: 0 | H101: 0 | I101: 0 | J101: 0 | K101: 0 | L101: 0 | M101: 0 | N101: 0 | O101: 0 | P101: 0 | Q101: 0 | R101: 0 | S101: 0 | T101: 0 | U101: 0 | V101: 0 | W101: 0 | X101: 0 | Y101: 0 | Z101: 0 | AA101: 0 | AB101: 0 | AC101: 0 | AD101: 0 | AE101: 0 | AF101: 0 | AG101: 0 | AH101: 0 | AI101: 0 | AJ101: 0 | AK101: 0 | AL101: 0 | AM101: 0 | AN101: 0 | AO101: 0 | AP101: 0 | AQ101: 0 | AR101: 0 | AS101: 0 | AT101: 0 | AU101: 0 | AV101: 0 | AW101: 0 | AX101: 0 | AY101: 0 | AZ101: 0 | BA101: 0 | BB101: 0 | BC101: 0 | BD101: 0 | BE101: 0 | BF101: 0 | BG101: 0 | BH101: 0 | BI101: 0 | BJ101: 0 | BK101: 0 | BL101: 0 | BM101: 0 | BN101: 0 | BO101: 0 | BP101: 0 | BQ101: 0 | BR101: 0 | BS101: 0 | BT101: 0 | BU101: 0 | BV101: 0 | BW101: 0 | BX101: 0 | BY101: 0 | BZ101: 0 | CA101: 0 | CB101: 0 | CC101: 0 | CD101: 0 | CE101: 0 | CF101: 0 | CG101: 0 | CH101: 0 | CI101: 0 | CJ101: 0 | CK101: 0 | CL101: 0 | CM101: 0 | CN101: 0 | CO101: 0 | CP101: 0 | CQ101: 0 | CR101: 0 | CS101: 0 | CT101: 0 | CU101: 0 | CV101: 0 | CW101: 0 | CX101: 0 | CY101: 0 | CZ101: 0
A102: Total | B102: Total | D102: DS6 | E102: DS6 | G102: =SUM(J102:CZ102) -> 25 | J102: =SUM(J97:J101) -> 0 | K102: =SUM(K97:K101) -> 0 | L102: =SUM(L97:L101) -> 0 | M102: =SUM(M97:M101) -> 0 | N102: =SUM(N97:N101) -> 0 | O102: =SUM(O97:O101) -> 0 | P102: =SUM(P97:P101) -> 0 | Q102: =SUM(Q97:Q101) -> 0 | ... CZ102: =SUM(CZ97:CZ101) -> 0
A103: 2 | B103: 1 | C103: 3 | D103: DS | E103: 8 | F103: 0 | G103: 0 | H103: 0 | I103: 0 | J103: 0 | K103: 0 | L103: 0 | M103: 0 | N103: 0 | O103: 0 | P103: 0 | Q103: 0 | R103: 0 | S103: 0 | T103: 0 | U103: 0 | V103: 0 | W103: 0 | X103: 0 | Y103: 0 | Z103: 0 | AA103: 0 | AB103: 0 | AC103: 0 | AD103: 0 | AE103: 0 | AF103: 0 | AG103: 0 | AH103: 0 | AI103: 0 | AJ103: 0 | AK103: 0 | AL103: 0 | AM103: 0 | AN103: 0 | AO103: 0 | AP103: 0 | AQ103: 0 | AR103: 0 | AS103: 0 | AT103: 0 | AU103: 0 | AV103: 0 | AW103: 0 | AX103: 0 | AY103: 0 | AZ103: 0 | BA103: 0 | BB103: 0 | BC103: 0 | BD103: 0 | BE103: 0 | BF103: 0 | BG103: 0 | BH103: 0 | BI103: 0 | BJ103: 0 | BK103: 0 | BL103: 0 | BM103: 0 | BN103: 0 | BO103: 0 | BP103: 0 | BQ103: 0 | BR103: 0 | BS103: 0 | BT103: 0 | BU103: 0 | BV103: 0 | BW103: 0 | BX103: 0 | BY103: 0 | BZ103: 0 | CA103: 0 | CB103: 0 | CC103: 0 | CD103: 0 | CE103: 0 | CF103: 0 | CG103: 0 | CH103: 0 | CI103: 0 | CJ103: 0 | CK103: 0 | CL103: 0 | CM103: 0 | CN103: 0 | CO103: 0 | CP103: 0 | CQ103: 0 | CR103: 0 | CS103: 0 | CT103: 0 | CU103: 0 | CV103: 0 | CW103: 0 | CX103: 0 | CY103: 0 | CZ103: 0
A104: 2 | B104: 2 | C104: 3 | D104: DS | E104: 8 | F104: 4 | G104: 5 | H104: 2 | I104: 3 | J104: 0 | K104: 0 | L104: 0 | M104: 0 | N104: 0 | O104: 0 | P104: 0 | Q104: 0 | R104: 0 | S104: 0 | T104: 1 | U104: 0 | V104: 0 | W104: 0 | X104: 0 | Y104: 0 | Z104: 0 | AA104: 0 | AB104: 0 | AC104: 0 | AD104: 0 | AE104: 0 | AF104: 0 | AG104: 0 | AH104: 0 | AI104: 0 | AJ104: 0 | AK104: 0 | AL104: 0 | AM104: 0 | AN104: 0 | AO104: 0 | AP104: 0 | AQ104: 0 | AR104: 0 | AS104: 0 | AT104: 0 | AU104: 0 | AV104: 0 | AW104: 0 | AX104: 0 | AY104: 0 | AZ104: 0 | BA104: 0 | BB104: 0 | BC104: 1 | BD104: 0 | BE104: 2 | BF104: 0 | BG104: 0 | BH104: 0 | BI104: 0 | BJ104: 0 | BK104: 0 | BL104: 0 | BM104: 0 | BN104: 0 | BO104: 0 | BP104: 0 | BQ104: 0 | BR104: 0 | BS104: 0 | BT104: 0 | BU104: 0 | BV104: 0 | BW104: 0 | BX104: 0 | BY104: 0 | BZ104: 0 | CA104: 0 | CB104: 0 | CC104: 0 | CD104: 0 | CE104: 0 | CF104: 1 | CG104: 0 | CH104: 0 | CI104: 0 | CJ104: 0 | CK104: 0 | CL104: 0 | CM104: 0 | CN104: 0 | CO104: 0 | CP104: 0 | CQ104: 0 | CR104: 0 | CS104: 0 | CT104: 0 | CU104: 0 | CV104: 0 | CW104: 0 | CX104: 0 | CY104: 0 | CZ104: 0
A105: 2 | B105: 3 | C105: 3 | D105: DS | E105: 8 | F105: 0 | G105: 0 | H105: 0 | I105: 0 | J105: 0 | K105: 0 | L105: 0 | M105: 0 | N105: 0 | O105: 0 | P105: 0 | Q105: 0 | R105: 0 | S105: 0 | T105: 0 | U105: 0 | V105: 0 | W105: 0 | X105: 0 | Y105: 0 | Z105: 0 | AA105: 0 | AB105: 0 | AC105: 0 | AD105: 0 | AE105: 0 | AF105: 0 | AG105: 0 | AH105: 0 | AI105: 0 | AJ105: 0 | AK105: 0 | AL105: 0 | AM105: 0 | AN105: 0 | AO105: 0 | AP105: 0 | AQ105: 0 | AR105: 0 | AS105: 0 | AT105: 0 | AU105: 0 | AV105: 0 | AW105: 0 | AX105: 0 | AY105: 0 | AZ105: 0 | BA105: 0 | BB105: 0 | BC105: 0 | BD105: 0 | BE105: 0 | BF105: 0 | BG105: 0 | BH105: 0 | BI105: 0 | BJ105: 0 | BK105: 0 | BL105: 0 | BM105: 0 | BN105: 0 | BO105: 0 | BP105: 0 | BQ105: 0 | BR105: 0 | BS105: 0 | BT105: 0 | BU105: 0 | BV105: 0 | BW105: 0 | BX105: 0 | BY105: 0 | BZ105: 0 | CA105: 0 | CB105: 0 | CC105: 0 | CD105: 0 | CE105: 0 | CF105: 0 | CG105: 0 | CH105: 0 | CI105: 0 | CJ105: 0 | CK105: 0 | CL105: 0 | CM105: 0 | CN105: 0 | CO105: 0 | CP105: 0 | CQ105: 0 | CR105: 0 | CS105: 0 | CT105: 0 | CU105: 0 | CV105: 0 | CW105: 0 | CX105: 0 | CY105: 0 | CZ105: 0
A106: Total | B106: Total | D106: DS8 | E106: DS8 | G106: =SUM(J106:CZ106) -> 5 | J106: =SUM(J103:J105) -> 0 | K106: =SUM(K103:K105) -> 0 | L106: =SUM(L103:L105) -> 0 | M106: =SUM(M103:M105) -> 0 | N106: =SUM(N103:N105) -> 0 | O106: =SUM(O103:O105) -> 0 | P106: =SUM(P103:P105) -> 0 | Q106: =SUM(Q103:Q105) -> 0 | ... CZ106: =SUM(CZ103:CZ105) -> 0
A107: 1 | B107: 1 | C107: 4 | D107: FA | E107: 1 | F107: 7 | G107: 9 | H107: 7 | I107: 2 | J107: 0 | K107: 0 | L107: 0 | M107: 0 | N107: 0 | O107: 0 | P107: 0 | Q107: 0 | R107: 0 | S107: 0 | T107: 1 | U107: 0 | V107: 0 | W107: 0 | X107: 0 | Y107: 0 | Z107: 0 | AA107: 0 | AB107: 0 | AC107: 0 | AD107: 0 | AE107: 0 | AF107: 0 | AG107: 0 | AH107: 1 | AI107: 0 | AJ107: 0 | AK107: 0 | AL107: 0 | AM107: 2 | AN107: 0 | AO107: 0 | AP107: 1 | AQ107: 0 | AR107: 0 | AS107: 0 | AT107: 1 | AU107: 0 | AV107: 0 | AW107: 0 | AX107: 0 | AY107: 0 | AZ107: 0 | BA107: 0 | BB107: 0 | BC107: 0 | BD107: 0 | BE107: 0 | BF107: 0 | BG107: 0 | BH107: 0 | BI107: 0 | BJ107: 0 | BK107: 0 | BL107: 1 | BM107: 0 | BN107: 0 | BO107: 0 | BP107: 0 | BQ107: 0 | BR107: 0 | BS107: 0 | BT107: 0 | BU107: 0 | BV107: 0 | BW107: 0 | BX107: 0 | BY107: 0 | BZ107: 0 | CA107: 0 | CB107: 0 | CC107: 0 | CD107: 0 | CE107: 0 | CF107: 0 | CG107: 0 | CH107: 0 | CI107: 0 | CJ107: 0 | CK107: 0 | CL107: 0 | CM107: 0 | CN107: 0 | CO107: 0 | CP107: 2 | CQ107: 0 | CR107: 0 | CS107: 0 | CT107: 0 | CU107: 0 | CV107: 0 | CW107: 0 | CX107: 0 | CY107: 0 | CZ107: 0
A108: 2 | B108: 1 | C108: 4 | D108: FA | E108: 1 | F108: 4 | G108: 7 | H108: 5 | I108: 1 | J108: 0 | K108: 0 | L108: 0 | M108: 0 | N108: 0 | O108: 0 | P108: 0 | Q108: 0 | R108: 0 | S108: 0 | T108: 0 | U108: 0 | V108: 0 | W108: 0 | X108: 0 | Y108: 0 | Z108: 0 | AA108: 0 | AB108: 0 | AC108: 1 | AD108: 0 | AE108: 0 | AF108: 0 | AG108: 0 | AH108: 0 | AI108: 0 | AJ108: 0 | AK108: 0 | AL108: 0 | AM108: 1 | AN108: 0 | AO108: 0 | AP108: 4 | AQ108: 0 | AR108: 0 | AS108: 0 | AT108: 0 | AU108: 0 | AV108: 1 | AW108: 0 | AX108: 0 | AY108: 0 | AZ108: 0 | BA108: 0 | BB108: 0 | BC108: 0 | BD108: 0 | BE108: 0 | BF108: 0 | BG108: 0 | BH108: 0 | BI108: 0 | BJ108: 0 | BK108: 0 | BL108: 0 | BM108: 0 | BN108: 0 | BO108: 0 | BP108: 0 | BQ108: 0 | BR108: 0 | BS108: 0 | BT108: 0 | BU108: 0 | BV108: 0 | BW108: 0 | BX108: 0 | BY108: 0 | BZ108: 0 | CA108: 0 | CB108: 0 | CC108: 0 | CD108: 0 | CE108: 0 | CF108: 0 | CG108: 0 | CH108: 0 | CI108: 0 | CJ108: 0 | CK108: 0 | CL108: 0 | CM108: 0 | CN108: 0 | CO108: 0 | CP108: 0 | CQ108: 0 | CR108: 0 | CS108: 0 | CT108: 0 | CU108: 0 | CV108: 0 | CW108: 0 | CX108: 0 | CY108: 0 | CZ108: 0
A109: 1 | B109: 2 | C109: 4 | D109: FA | E109: 1 | F109: 12 | G109: 25 | H109: 9 | I109: 13 | J109: 0 | K109: 0 | L109: 0 | M109: 0 | N109: 0 | O109: 0 | P109: 0 | Q109: 0 | R109: 0 | S109: 0 | T109: 1 | U109: 0 | V109: 0 | W109: 1 | X109: 0 | Y109: 0 | Z109: 0 | AA109: 0 | AB109: 0 | AC109: 2 | AD109: 0 | AE109: 0 | AF109: 0 | AG109: 4 | AH109: 0 | AI109: 0 | AJ109: 0 | AK109: 0 | AL109: 0 | AM109: 1 | AN109: 0 | AO109: 0 | AP109: 2 | AQ109: 0 | AR109: 0 | AS109: 2 | AT109: 0 | AU109: 0 | AV109: 0 | AW109: 0 | AX109: 0 | AY109: 0 | AZ109: 0 | BA109: 0 | BB109: 0 | BC109: 0 | BD109: 0 | BE109: 3 | BF109: 0 | BG109: 0 | BH109: 0 | BI109: 0 | BJ109: 0 | BK109: 0 | BL109: 4 | BM109: 0 | BN109: 1 | BO109: 0 | BP109: 0 | BQ109: 0 | BR109: 0 | BS109: 0 | BT109: 0 | BU109: 0 | BV109: 2 | BW109: 0 | BX109: 0 | BY109: 0 | BZ109: 0 | CA109: 0 | CB109: 0 | CC109: 0 | CD109: 0 | CE109: 0 | CF109: 2 | CG109: 0 | CH109: 0 | CI109: 0 | CJ109: 0 | CK109: 0 | CL109: 0 | CM109: 0 | CN109: 0 | CO109: 0 | CP109: 0 | CQ109: 0 | CR109: 0 | CS109: 0 | CT109: 0 | CU109: 0 | CV109: 0 | CW109: 0 | CX109: 0 | CY109: 0 | CZ109: 0
A110: 2 | B110: 2 | C110: 4 | D110: FA | E110: 1 | F110: 3 | G110: 3 | H110: 2 | I110: 0 | J110: 0 | K110: 0 | L110: 0 | M110: 0 | N110: 0 | O110: 0 | P110: 0 | Q110: 0 | R110: 0 | S110: 0 | T110: 0 | U110: 0 | V110: 0 | W110: 0 | X110: 0 | Y110: 0 | Z110: 0 | AA110: 0 | AB110: 0 | AC110: 1 | AD110: 0 | AE110: 0 | AF110: 0 | AG110: 0 | AH110: 0 | AI110: 0 | AJ110: 0 | AK110: 0 | AL110: 0 | AM110: 0 | AN110: 0 | AO110: 0 | AP110: 0 | AQ110: 0 | AR110: 0 | AS110: 0 | AT110: 0 | AU110: 0 | AV110: 0 | AW110: 0 | AX110: 0 | AY110: 0 | AZ110: 0 | BA110: 0 | BB110: 0 | BC110: 0 | BD110: 0 | BE110: 0 | BF110: 0 | BG110: 0 | BH110: 0 | BI110: 0 | BJ110: 0 | BK110: 0 | BL110: 0 | BM110: 0 | BN110: 0 | BO110: 0 | BP110: 0 | BQ110: 0 | BR110: 0 | BS110: 0 | BT110: 0 | BU110: 0 | BV110: 0 | BW110: 0 | BX110: 0 | BY110: 0 | BZ110: 0 | CA110: 0 | CB110: 0 | CC110: 0 | CD110: 0 | CE110: 0 | CF110: 1 | CG110: 0 | CH110: 0 | CI110: 0 | CJ110: 0 | CK110: 0 | CL110: 0 | CM110: 0 | CN110: 0 | CO110: 0 | CP110: 1 | CQ110: 0 | CR110: 0 | CS110: 0 | CT110: 0 | CU110: 0 | CV110: 0 | CW110: 0 | CX110: 0 | CY110: 0 | CZ110: 0
A111: 2 | B111: 3 | C111: 4 | D111: FA | E111: 1 | F111: 1 | G111: 1 | H111: 1 | I111: 0 | J111: 0 | K111: 0 | L111: 0 | M111: 0 | N111: 0 | O111: 0 | P111: 0 | Q111: 0 | R111: 0 | S111: 0 | T111: 0 | U111: 0 | V111: 0 | W111: 0 | X111: 0 | Y111: 0 | Z111: 0 | AA111: 0 | AB111: 0 | AC111: 0 | AD111: 0 | AE111: 0 | AF111: 0 | AG111: 0 | AH111: 0 | AI111: 0 | AJ111: 0 | AK111: 0 | AL111: 0 | AM111: 0 | AN111: 0 | AO111: 0 | AP111: 0 | AQ111: 0 | AR111: 0 | AS111: 0 | AT111: 0 | AU111: 0 | AV111: 0 | AW111: 0 | AX111: 0 | AY111: 0 | AZ111: 0 | BA111: 0 | BB111: 0 | BC111: 0 | BD111: 0 | BE111: 0 | BF111: 0 | BG111: 0 | BH111: 0 | BI111: 0 | BJ111: 0 | BK111: 0 | BL111: 0 | BM111: 0 | BN111: 0 | BO111: 0 | BP111: 0 | BQ111: 0 | BR111: 0 | BS111: 0 | BT111: 0 | BU111: 0 | BV111: 0 | BW111: 0 | BX111: 0 | BY111: 0 | BZ111: 0 | CA111: 0 | CB111: 0 | CC111: 0 | CD111: 0 | CE111: 0 | CF111: 1 | CG111: 0 | CH111: 0 | CI111: 0 | CJ111: 0 | CK111: 0 | CL111: 0 | CM111: 0 | CN111: 0 | CO111: 0 | CP111: 0 | CQ111: 0 | CR111: 0 | CS111: 0 | CT111: 0 | CU111: 0 | CV111: 0 | CW111: 0 | CX111: 0 | CY111: 0 | CZ111: 0
A112: Total | B112: Total | D112: FA1 | E112: FA1 | G112: =SUM(J112:CZ112) -> 45 | J112: =SUM(J107:J111) -> 0 | K112: =SUM(K107:K111) -> 0 | L112: =SUM(L107:L111) -> 0 | M112: =SUM(M107:M111) -> 0 | N112: =SUM(N107:N111) -> 0 | O112: =SUM(O107:O111) -> 0 | P112: =SUM(P107:P111) -> 0 | Q112: =SUM(Q107:Q111) -> 0 | ... CZ112: =SUM(CZ107:CZ111) -> 0
A121: 2 | B121: 2 | C121: 4 | D121: FA | E121: 4 | F121: 0 | G121: 0 | H121: 0 | I121: 0 | J121: 0 | K121: 0 | L121: 0 | M121: 0 | N121: 0 | O121: 0 | P121: 0 | Q121: 0 | R121: 0 | S121: 0 | T121: 0 | U121: 0 | V121: 0 | W121: 0 | X121: 0 | Y121: 0 | Z121: 0 | AA121: 0 | AB121: 0 | AC121: 0 | AD121: 0 | AE121: 0 | AF121: 0 | AG121: 0 | AH121: 0 | AI121: 0 | AJ121: 0 | AK121: 0 | AL121: 0 | AM121: 0 | AN121: 0 | AO121: 0 | AP121: 0 | AQ121: 0 | AR121: 0 | AS121: 0 | AT121: 0 | AU121: 0 | AV121: 0 | AW121: 0 | AX121: 0 | AY121: 0 | AZ121: 0 | BA121: 0 | BB121: 0 | BC121: 0 | BD121: 0 | BE121: 0 | BF121: 0 | BG121: 0 | BH121: 0 | BI121: 0 | BJ121: 0 | BK121: 0 | BL121: 0 | BM121: 0 | BN121: 0 | BO121: 0 | BP121: 0 | BQ121: 0 | BR121: 0 | BS121: 0 | BT121: 0 | BU121: 0 | BV121: 0 | BW121: 0 | BX121: 0 | BY121: 0 | BZ121: 0 | CA121: 0 | CB121: 0 | CC121: 0 | CD121: 0 | CE121: 0 | CF121: 0 | CG121: 0 | CH121: 0 | CI121: 0 | CJ121: 0 | CK121: 0 | CL121: 0 | CM121: 0 | CN121: 0 | CO121: 0 | CP121: 0 | CQ121: 0 | CR121: 0 | CS121: 0 | CT121: 0 | CU121: 0 | CV121: 0 | CW121: 0 | CX121: 0 | CY121: 0 | CZ121: 0
A122: 2 | B122: 3 | C122: 4 | D122: FA | E122: 4 | F122: 2 | G122: 2 | H122: 1 | I122: 1 | J122: 0 | K122: 0 | L122: 0 | M122: 0 | N122: 0 | O122: 0 | P122: 0 | Q122: 0 | R122: 0 | S122: 0 | T122: 0 | U122: 0 | V122: 0 | W122: 0 | X122: 0 | Y122: 0 | Z122: 0 | AA122: 0 | AB122: 0 | AC122: 0 | AD122: 0 | AE122: 0 | AF122: 0 | AG122: 0 | AH122: 0 | AI122: 0 | AJ122: 0 | AK122: 0 | AL122: 0 | AM122: 0 | AN122: 0 | AO122: 0 | AP122: 0 | AQ122: 0 | AR122: 0 | AS122: 0 | AT122: 0 | AU122: 0 | AV122: 0 | AW122: 0 | AX122: 0 | AY122: 0 | AZ122: 0 | BA122: 0 | BB122: 0 | BC122: 0 | BD122: 0 | BE122: 0 | BF122: 0 | BG122: 0 | BH122: 0 | BI122: 0 | BJ122: 0 | BK122: 0 | BL122: 1 | BM122: 0 | BN122: 0 | BO122: 0 | BP122: 0 | BQ122: 0 | BR122: 0 | BS122: 0 | BT122: 0 | BU122: 0 | BV122: 0 | BW122: 0 | BX122: 1 | BY122: 0 | BZ122: 0 | CA122: 0 | CB122: 0 | CC122: 0 | CD122: 0 | CE122: 0 | CF122: 0 | CG122: 0 | CH122: 0 | CI122: 0 | CJ122: 0 | CK122: 0 | CL122: 0 | CM122: 0 | CN122: 0 | CO122: 0 | CP122: 0 | CQ122: 0 | CR122: 0 | CS122: 0 | CT122: 0 | CU122: 0 | CV122: 0 | CW122: 0 | CX122: 0 | CY122: 0 | CZ122: 0
A123: 2 | B123: 1 | C123: 4 | D123: FA | E123: 4 | F123: 3 | G123: 8 | H123: 3 | I123: 5 | J123: 0 | K123: 0 | L123: 0 | M123: 0 | N123: 0 | O123: 0 | P123: 0 | Q123: 0 | R123: 0 | S123: 0 | T123: 0 | U123: 0 | V123: 0 | W123: 0 | X123: 0 | Y123: 0 | Z123: 0 | AA123: 0 | AB123: 0 | AC123: 0 | AD123: 0 | AE123: 0 | AF123: 0 | AG123: 0 | AH123: 0 | AI123: 0 | AJ123: 0 | AK123: 0 | AL123: 0 | AM123: 0 | AN123: 0 | AO123: 0 | AP123: 3 | AQ123: 0 | AR123: 0 | AS123: 0 | AT123: 0 | AU123: 0 | AV123: 0 | AW123: 0 | AX123: 0 | AY123: 0 | AZ123: 0 | BA123: 1 | BB123: 0 | BC123: 0 | BD123: 0 | BE123: 4 | BF123: 0 | BG123: 0 | BH123: 0 | BI123: 0 | BJ123: 0 | BK123: 0 | BL123: 0 | BM123: 0 | BN123: 0 | BO123: 0 | BP123: 0 | BQ123: 0 | BR123: 0 | BS123: 0 | BT123: 0 | BU123: 0 | BV123: 0 | BW123: 0 | BX123: 0 | BY123: 0 | BZ123: 0 | CA123: 0 | CB123: 0 | CC123: 0 | CD123: 0 | CE123: 0 | CF123: 0 | CG123: 0 | CH123: 0 | CI123: 0 | CJ123: 0 | CK123: 0 | CL123: 0 | CM123: 0 | CN123: 0 | CO123: 0 | CP123: 0 | CQ123: 0 | CR123: 0 | CS123: 0 | CT123: 0 | CU123: 0 | CV123: 0 | CW123: 0 | CX123: 0 | CY123: 0 | CZ123: 0
A124: 1 | B124: 1 | C124: 4 | D124: FA | E124: 4 | F124: 9 | G124: 16 | H124: 2 | I124: 14 | J124: 0 | K124: 0 | L124: 0 | M124: 0 | N124: 0 | O124: 0 | P124: 0 | Q124: 0 | R124: 0 | S124: 0 | T124: 0 | U124: 0 | V124: 0 | W124: 0 | X124: 0 | Y124: 0 | Z124: 0 | AA124: 0 | AB124: 1 | AC124: 0 | AD124: 0 | AE124: 0 | AF124: 0 | AG124: 1 | AH124: 0 | AI124: 0 | AJ124: 0 | AK124: 0 | AL124: 0 | AM124: 0 | AN124: 0 | AO124: 0 | AP124: 1 | AQ124: 0 | AR124: 0 | AS124: 0 | AT124: 0 | AU124: 0 | AV124: 0 | AW124: 0 | AX124: 0 | AY124: 0 | AZ124: 0 | BA124: 2 | BB124: 0 | BC124: 0 | BD124: 0 | BE124: 5 | BF124: 0 | BG124: 1 | BH124: 0 | BI124: 0 | BJ124: 0 | BK124: 0 | BL124: 2 | BM124: 0 | BN124: 0 | BO124: 0 | BP124: 0 | BQ124: 0 | BR124: 0 | BS124: 0 | BT124: 0 | BU124: 0 | BV124: 2 | BW124: 0 | BX124: 0 | BY124: 0 | BZ124: 0 | CA124: 0 | CB124: 0 | CC124: 0 | CD124: 0 | CE124: 0 | CF124: 1 | CG124: 0 | CH124: 0 | CI124: 0 | CJ124: 0 | CK124: 0 | CL124: 0 | CM124: 0 | CN124: 0 | CO124: 0 | CP124: 0 | CQ124: 0 | CR124: 0 | CS124: 0 | CT124: 0 | CU124: 0 | CV124: 0 | CW124: 0 | CX124: 0 | CY124: 0 | CZ124: 0
A125: 1 | B125: 2 | C125: 4 | D125: FA | E125: 4 | F125: 6 | G125: 11 | H125: 8 | I125: 3 | J125: 0 | K125: 1 | L125: 0 | M125: 0 | N125: 0 | O125: 0 | P125: 0 | Q125: 0 | R125: 0 | S125: 0 | T125: 1 | U125: 0 | V125: 0 | W125: 0 | X125: 0 | Y125: 0 | Z125: 0 | AA125: 0 | AB125: 0 | AC125: 0 | AD125: 0 | AE125: 0 | AF125: 0 | AG125: 0 | AH125: 2 | AI125: 0 | AJ125: 0 | AK125: 0 | AL125: 0 | AM125: 1 | AN125: 0 | AO125: 0 | AP125: 2 | AQ125: 0 | AR125: 0 | AS125: 0 | AT125: 0 | AU125: 0 | AV125: 0 | AW125: 0 | AX125: 0 | AY125: 0 | AZ125: 0 | BA125: 0 | BB125: 0 | BC125: 0 | BD125: 0 | BE125: 0 | BF125: 0 | BG125: 0 | BH125: 0 | BI125: 0 | BJ125: 0 | BK125: 0 | BL125: 0 | BM125: 0 | BN125: 0 | BO125: 0 | BP125: 0 | BQ125: 0 | BR125: 0 | BS125: 0 | BT125: 0 | BU125: 0 | BV125: 0 | BW125: 0 | BX125: 0 | BY125: 0 | BZ125: 0 | CA125: 0 | CB125: 0 | CC125: 0 | CD125: 0 | CE125: 0 | CF125: 4 | CG125: 0 | CH125: 0 | CI125: 0 | CJ125: 0 | CK125: 0 | CL125: 0 | CM125: 0 | CN125: 0 | CO125: 0 | CP125: 0 | CQ125: 0 | CR125: 0 | CS125: 0 | CT125: 0 | CU125: 0 | CV125: 0 | CW125: 0 | CX125: 0 | CY125: 0 | CZ125: 0
A126: Total | B126: Total | D126: FA4 | E126: FA4 | G126: =SUM(J126:CZ126) -> 37 | J126: =SUM(J121:J125) -> 0 | K126: =SUM(K121:K125) -> 1 | L126: =SUM(L121:L125) -> 0 | M126: =SUM(M121:M125) -> 0 | N126: =SUM(N121:N125) -> 0 | O126: =SUM(O121:O125) -> 0 | P126: =SUM(P121:P125) -> 0 | Q126: =SUM(Q121:Q125) -> 0 | ... CZ126: =SUM(CZ121:CZ125) -> 0
A132: 2 | B132: 2 | C132: 4 | D132: FA | E132: 6 | F132: 2 | G132: 3 | H132: 3 | I132: 0 | J132: 0 | K132: 0 | L132: 0 | M132: 0 | N132: 0 | O132: 0 | P132: 0 | Q132: 0 | R132: 0 | S132: 0 | T132: 0 | U132: 0 | V132: 0 | W132: 0 | X132: 0 | Y132: 0 | Z132: 0 | AA132: 0 | AB132: 0 | AC132: 0 | AD132: 0 | AE132: 0 | AF132: 0 | AG132: 0 | AH132: 0 | AI132: 0 | AJ132: 0 | AK132: 0 | AL132: 0 | AM132: 0 | AN132: 0 | AO132: 0 | AP132: 0 | AQ132: 0 | AR132: 0 | AS132: 0 | AT132: 0 | AU132: 0 | AV132: 0 | AW132: 0 | AX132: 0 | AY132: 0 | AZ132: 0 | BA132: 0 | BB132: 0 | BC132: 0 | BD132: 0 | BE132: 0 | BF132: 0 | BG132: 0 | BH132: 0 | BI132: 0 | BJ132: 0 | BK132: 0 | BL132: 0 | BM132: 0 | BN132: 0 | BO132: 0 | BP132: 0 | BQ132: 0 | BR132: 0 | BS132: 0 | BT132: 0 | BU132: 0 | BV132: 0 | BW132: 0 | BX132: 0 | BY132: 0 | BZ132: 0 | CA132: 0 | CB132: 0 | CC132: 0 | CD132: 0 | CE132: 2 | CF132: 0 | CG132: 0 | CH132: 0 | CI132: 0 | CJ132: 0 | CK132: 0 | CL132: 0 | CM132: 0 | CN132: 0 | CO132: 0 | CP132: 1 | CQ132: 0 | CR132: 0 | CS132: 0 | CT132: 0 | CU132: 0 | CV132: 0 | CW132: 0 | CX132: 0 | CY132: 0 | CZ132: 0
A133: 2 | B133: 3 | C133: 4 | D133: FA | E133: 6 | F133: 4 | G133: 6 | H133: 4 | I133: 1 | J133: 0 | K133: 0 | L133: 0 | M133: 0 | N133: 0 | O133: 0 | P133: 0 | Q133: 0 | R133: 0 | S133: 0 | T133: 0 | U133: 0 | V133: 0 | W133: 0 | X133: 0 | Y133: 0 | Z133: 0 | AA133: 0 | AB133: 0 | AC133: 0 | AD133: 0 | AE133: 0 | AF133: 0 | AG133: 0 | AH133: 0 | AI133: 0 | AJ133: 0 | AK133: 0 | AL133: 0 | AM133: 3 | AN133: 0 | AO133: 0 | AP133: 0 | AQ133: 0 | AR133: 0 | AS133: 1 | AT133: 0 | AU133: 0 | AV133: 0 | AW133: 0 | AX133: 0 | AY133: 0 | AZ133: 0 | BA133: 0 | BB133: 0 | BC133: 0 | BD133: 0 | BE133: 0 | BF133: 0 | BG133: 0 | BH133: 0 | BI133: 0 | BJ133: 0 | BK133: 0 | BL133: 1 | BM133: 0 | BN133: 1 | BO133: 0 | BP133: 0 | BQ133: 0 | BR133: 0 | BS133: 0 | BT133: 0 | BU133: 0 | BV133: 0 | BW133: 0 | BX133: 0 | BY133: 0 | BZ133: 0 | CA133: 0 | CB133: 0 | CC133: 0 | CD133: 0 | CE133: 0 | CF133: 0 | CG133: 0 | CH133: 0 | CI133: 0 | CJ133: 0 | CK133: 0 | CL133: 0 | CM133: 0 | CN133: 0 | CO133: 0 | CP133: 0 | CQ133: 0 | CR133: 0 | CS133: 0 | CT133: 0 | CU133: 0 | CV133: 0 | CW133: 0 | CX133: 0 | CY133: 0 | CZ133: 0
A134: 1 | B134: 2 | C134: 4 | D134: FA | E134: 6 | F134: 9 | G134: 12 | H134: 5 | I134: 5 | J134: 0 | K134: 0 | L134: 0 | M134: 0 | N134: 0 | O134: 0 | P134: 0 | Q134: 0 | R134: 0 | S134: 0 | T134: 0 | U134: 0 | V134: 0 | W134: 0 | X134: 0 | Y134: 0 | Z134: 0 | AA134: 1 | AB134: 0 | AC134: 2 | AD134: 0 | AE134: 0 | AF134: 0 | AG134: 0 | AH134: 2 | AI134: 0 | AJ134: 0 | AK134: 0 | AL134: 0 | AM134: 2 | AN134: 0 | AO134: 0 | AP134: 1 | AQ134: 0 | AR134: 0 | AS134: 0 | AT134: 0 | AU134: 0 | AV134: 0 | AW134: 0 | AX134: 0 | AY134: 0 | AZ134: 0 | BA134: 0 | BB134: 0 | BC134: 0 | BD134: 0 | BE134: 0 | BF134: 0 | BG134: 0 | BH134: 0 | BI134: 0 | BJ134: 0 | BK134: 1 | BL134: 0 | BM134: 0 | BN134: 0 | BO134: 1 | BP134: 1 | BQ134: 0 | BR134: 0 | BS134: 0 | BT134: 0 | BU134: 0 | BV134: 0 | BW134: 0 | BX134: 0 | BY134: 0 | BZ134: 0 | CA134: 0 | CB134: 0 | CC134: 1 | CD134: 0 | CE134: 0 | CF134: 0 | CG134: 0 | CH134: 0 | CI134: 0 | CJ134: 0 | CK134: 0 | CL134: 0 | CM134: 0 | CN134: 0 | CO134: 0 | CP134: 0 | CQ134: 0 | CR134: 0 | CS134: 0 | CT134: 0 | CU134: 0 | CV134: 0 | CW134: 0 | CX134: 0 | CY134: 0 | CZ134: 0
A135: 2 | B135: 1 | C135: 4 | D135: FA | E135: 6 | F135: 4 | G135: 4 | H135: 2 | I135: 2 | J135: 0 | K135: 0 | L135: 0 | M135: 0 | N135: 0 | O135: 0 | P135: 0 | Q135: 0 | R135: 0 | S135: 0 | T135: 0 | U135: 0 | V135: 0 | W135: 0 | X135: 0 | Y135: 0 | Z135: 0 | AA135: 0 | AB135: 0 | AC135: 0 | AD135: 0 | AE135: 0 | AF135: 0 | AG135: 0 | AH135: 0 | AI135: 0 | AJ135: 0 | AK135: 0 | AL135: 0 | AM135: 0 | AN135: 0 | AO135: 0 | AP135: 1 | AQ135: 0 | AR135: 0 | AS135: 1 | AT135: 0 | AU135: 0 | AV135: 0 | AW135: 0 | AX135: 0 | AY135: 0 | AZ135: 0 | BA135: 1 | BB135: 0 | BC135: 1 | BD135: 0 | BE135: 0 | BF135: 0 | BG135: 0 | BH135: 0 | BI135: 0 | BJ135: 0 | BK135: 0 | BL135: 0 | BM135: 0 | BN135: 0 | BO135: 0 | BP135: 0 | BQ135: 0 | BR135: 0 | BS135: 0 | BT135: 0 | BU135: 0 | BV135: 0 | BW135: 0 | BX135: 0 | BY135: 0 | BZ135: 0 | CA135: 0 | CB135: 0 | CC135: 0 | CD135: 0 | CE135: 0 | CF135: 0 | CG135: 0 | CH135: 0 | CI135: 0 | CJ135: 0 | CK135: 0 | CL135: 0 | CM135: 0 | CN135: 0 | CO135: 0 | CP135: 0 | CQ135: 0 | CR135: 0 | CS135: 0 | CT135: 0 | CU135: 0 | CV135: 0 | CW135: 0 | CX135: 0 | CY135: 0 | CZ135: 0
A136: 1 | B136: 1 | C136: 4 | D136: FA | E136: 6 | F136: 7 | G136: 12 | H136: 3 | I136: 8 | J136: 0 | K136: 0 | L136: 0 | M136: 0 | N136: 0 | O136: 0 | P136: 0 | Q136: 0 | R136: 0 | S136: 0 | T136: 0 | U136: 0 | V136: 0 | W136: 0 | X136: 0 | Y136: 0 | Z136: 0 | AA136: 0 | AB136: 0 | AC136: 0 | AD136: 0 | AE136: 0 | AF136: 0 | AG136: 0 | AH136: 1 | AI136: 0 | AJ136: 0 | AK136: 0 | AL136: 0 | AM136: 0 | AN136: 0 | AO136: 0 | AP136: 1 | AQ136: 0 | AR136: 0 | AS136: 0 | AT136: 0 | AU136: 0 | AV136: 0 | AW136: 0 | AX136: 0 | AY136: 0 | AZ136: 0 | BA136: 2 | BB136: 0 | BC136: 0 | BD136: 0 | BE136: 3 | BF136: 0 | BG136: 0 | BH136: 0 | BI136: 0 | BJ136: 0 | BK136: 0 | BL136: 2 | BM136: 0 | BN136: 0 | BO136: 0 | BP136: 0 | BQ136: 0 | BR136: 0 | BS136: 0 | BT136: 0 | BU136: 0 | BV136: 0 | BW136: 0 | BX136: 0 | BY136: 0 | BZ136: 0 | CA136: 0 | CB136: 0 | CC136: 0 | CD136: 0 | CE136: 0 | CF136: 0 | CG136: 0 | CH136: 0 | CI136: 0 | CJ136: 0 | CK136: 0 | CL136: 0 | CM136: 0 | CN136: 0 | CO136: 0 | CP136: 2 | CQ136: 0 | CR136: 0 | CS136: 0 | CT136: 0 | CU136: 1 | CV136: 0 | CW136: 0 | CX136: 0 | CY136: 0 | CZ136: 0
A137: Total | B137: Total | D137: FA6 | E137: FA6 | G137: =SUM(J137:CZ137) -> 37 | J137: =SUM(J132:J136) -> 0 | K137: =SUM(K132:K136) -> 0 | L137: =SUM(L132:L136) -> 0 | M137: =SUM(M132:M136) -> 0 | N137: =SUM(N132:N136) -> 0 | O137: =SUM(O132:O136) -> 0 | P137: =SUM(P132:P136) -> 0 | Q137: =SUM(Q132:Q136) -> 0 | ... CZ137: =SUM(CZ132:CZ136) -> 0
A138: 2 | B138: 2 | C138: 4 | D138: FA | E138: 8 | F138: 1 | G138: 1 | H138: 0 | I138: 0 | J138: 0 | K138: 0 | L138: 0 | M138: 0 | N138: 0 | O138: 0 | P138: 0 | Q138: 0 | R138: 0 | S138: 0 | T138: 0 | U138: 0 | V138: 0 | W138: 0 | X138: 0 | Y138: 0 | Z138: 0 | AA138: 0 | AB138: 0 | AC138: 0 | AD138: 1 | AE138: 0 | AF138: 0 | AG138: 0 | AH138: 0 | AI138: 0 | AJ138: 0 | AK138: 0 | AL138: 0 | AM138: 0 | AN138: 0 | AO138: 0 | AP138: 0 | AQ138: 0 | AR138: 0 | AS138: 0 | AT138: 0 | AU138: 0 | AV138: 0 | AW138: 0 | AX138: 0 | AY138: 0 | AZ138: 0 | BA138: 0 | BB138: 0 | BC138: 0 | BD138: 0 | BE138: 0 | BF138: 0 | BG138: 0 | BH138: 0 | BI138: 0 | BJ138: 0 | BK138: 0 | BL138: 0 | BM138: 0 | BN138: 0 | BO138: 0 | BP138: 0 | BQ138: 0 | BR138: 0 | BS138: 0 | BT138: 0 | BU138: 0 | BV138: 0 | BW138: 0 | BX138: 0 | BY138: 0 | BZ138: 0 | CA138: 0 | CB138: 0 | CC138: 0 | CD138: 0 | CE138: 0 | CF138: 0 | CG138: 0 | CH138: 0 | CI138: 0 | CJ138: 0 | CK138: 0 | CL138: 0 | CM138: 0 | CN138: 0 | CO138: 0 | CP138: 0 | CQ138: 0 | CR138: 0 | CS138: 0 | CT138: 0 | CU138: 0 | CV138: 0 | CW138: 0 | CX138: 0 | CY138: 0 | CZ138: 0
A139: 2 | B139: 1 | C139: 4 | D139: FA | E139: 8 | F139: 2 | G139: 2 | H139: 1 | I139: 1 | J139: 0 | K139: 0 | L139: 0 | M139: 0 | N139: 0 | O139: 0 | P139: 0 | Q139: 0 | R139: 0 | S139: 0 | T139: 1 | U139: 0 | V139: 0 | W139: 0 | X139: 0 | Y139: 0 | Z139: 0 | AA139: 0 | AB139: 0 | AC139: 0 | AD139: 0 | AE139: 0 | AF139: 0 | AG139: 0 | AH139: 0 | AI139: 0 | AJ139: 0 | AK139: 0 | AL139: 0 | AM139: 0 | AN139: 0 | AO139: 0 | AP139: 0 | AQ139: 0 | AR139: 0 | AS139: 0 | AT139: 0 | AU139: 0 | AV139: 0 | AW139: 0 | AX139: 0 | AY139: 0 | AZ139: 0 | BA139: 0 | BB139: 0 | BC139: 0 | BD139: 0 | BE139: 1 | BF139: 0 | BG139: 0 | BH139: 0 | BI139: 0 | BJ139: 0 | BK139: 0 | BL139: 0 | BM139: 0 | BN139: 0 | BO139: 0 | BP139: 0 | BQ139: 0 | BR139: 0 | BS139: 0 | BT139: 0 | BU139: 0 | BV139: 0 | BW139: 0 | BX139: 0 | BY139: 0 | BZ139: 0 | CA139: 0 | CB139: 0 | CC139: 0 | CD139: 0 | CE139: 0 | CF139: 0 | CG139: 0 | CH139: 0 | CI139: 0 | CJ139: 0 | CK139: 0 | CL139: 0 | CM139: 0 | CN139: 0 | CO139: 0 | CP139: 0 | CQ139: 0 | CR139: 0 | CS139: 0 | CT139: 0 | CU139: 0 | CV139: 0 | CW139: 0 | CX139: 0 | CY139: 0 | CZ139: 0
A140: 2 | B140: 3 | C140: 4 | D140: FA | E140: 8 | F140: 3 | G140: 5 | H140: 3 | I140: 0 | J140: 0 | K140: 0 | L140: 0 | M140: 0 | N140: 0 | O140: 0 | P140: 0 | Q140: 0 | R140: 0 | S140: 0 | T140: 0 | U140: 0 | V140: 0 | W140: 0 | X140: 0 | Y140: 0 | Z140: 0 | AA140: 0 | AB140: 0 | AC140: 2 | AD140: 0 | AE140: 0 | AF140: 0 | AG140: 0 | AH140: 0 | AI140: 0 | AJ140: 0 | AK140: 0 | AL140: 0 | AM140: 1 | AN140: 0 | AO140: 0 | AP140: 0 | AQ140: 0 | AR140: 0 | AS140: 2 | AT140: 0 | AU140: 0 | AV140: 0 | AW140: 0 | AX140: 0 | AY140: 0 | AZ140: 0 | BA140: 0 | BB140: 0 | BC140: 0 | BD140: 0 | BE140: 0 | BF140: 0 | BG140: 0 | BH140: 0 | BI140: 0 | BJ140: 0 | BK140: 0 | BL140: 0 | BM140: 0 | BN140: 0 | BO140: 0 | BP140: 0 | BQ140: 0 | BR140: 0 | BS140: 0 | BT140: 0 | BU140: 0 | BV140: 0 | BW140: 0 | BX140: 0 | BY140: 0 | BZ140: 0 | CA140: 0 | CB140: 0 | CC140: 0 | CD140: 0 | CE140: 0 | CF140: 0 | CG140: 0 | CH140: 0 | CI140: 0 | CJ140: 0 | CK140: 0 | CL140: 0 | CM140: 0 | CN140: 0 | CO140: 0 | CP140: 0 | CQ140: 0 | CR140: 0 | CS140: 0 | CT140: 0 | CU140: 0 | CV140: 0 | CW140: 0 | CX140: 0 | CY140: 0 | CZ140: 0
A141: Total | B141: Total | D141: FA8 | E141: FA8 | G141: =SUM(J141:CZ141) -> 8 | J141: =SUM(J138:J140) -> 0 | K141: =SUM(K138:K140) -> 0 | L141: =SUM(L138:L140) -> 0 | M141: =SUM(M138:M140) -> 0 | N141: =SUM(N138:N140) -> 0 | O141: =SUM(O138:O140) -> 0 | P141: =SUM(P138:P140) -> 0 | Q141: =SUM(Q138:Q140) -> 0 | ... CZ141: =SUM(CZ138:CZ140) -> 0
A142: 2 | B142: 2 | C142: 5 | D142: GL | E142: 1 | F142: 3 | G142: 3 | H142: 2 | I142: 1 | J142: 0 | K142: 0 | L142: 0 | M142: 0 | N142: 0 | O142: 0 | P142: 0 | Q142: 0 | R142: 0 | S142: 0 | T142: 1 | U142: 0 | V142: 0 | W142: 0 | X142: 0 | Y142: 0 | Z142: 0 | AA142: 0 | AB142: 0 | AC142: 0 | AD142: 0 | AE142: 0 | AF142: 0 | AG142: 0 | AH142: 0 | AI142: 0 | AJ142: 0 | AK142: 0 | AL142: 0 | AM142: 0 | AN142: 0 | AO142: 0 | AP142: 1 | AQ142: 0 | AR142: 0 | AS142: 0 | AT142: 0 | AU142: 0 | AV142: 0 | AW142: 0 | AX142: 0 | AY142: 0 | AZ142: 0 | BA142: 0 | BB142: 0 | BC142: 0 | BD142: 0 | BE142: 1 | BF142: 0 | BG142: 0 | BH142: 0 | BI142: 0 | BJ142: 0 | BK142: 0 | BL142: 0 | BM142: 0 | BN142: 0 | BO142: 0 | BP142: 0 | BQ142: 0 | BR142: 0 | BS142: 0 | BT142: 0 | BU142: 0 | BV142: 0 | BW142: 0 | BX142: 0 | BY142: 0 | BZ142: 0 | CA142: 0 | CB142: 0 | CC142: 0 | CD142: 0 | CE142: 0 | CF142: 0 | CG142: 0 | CH142: 0 | CI142: 0 | CJ142: 0 | CK142: 0 | CL142: 0 | CM142: 0 | CN142: 0 | CO142: 0 | CP142: 0 | CQ142: 0 | CR142: 0 | CS142: 0 | CT142: 0 | CU142: 0 | CV142: 0 | CW142: 0 | CX142: 0 | CY142: 0 | CZ142: 0
A143: 1 | B143: 2 | C143: 5 | D143: GL | E143: 1 | F143: 4 | G143: 4 | H143: 1 | I143: 3 | J143: 0 | K143: 0 | L143: 0 | M143: 0 | N143: 0 | O143: 0 | P143: 0 | Q143: 0 | R143: 0 | S143: 0 | T143: 0 | U143: 0 | V143: 0 | W143: 0 | X143: 0 | Y143: 0 | Z143: 0 | AA143: 0 | AB143: 0 | AC143: 0 | AD143: 0 | AE143: 0 | AF143: 0 | AG143: 0 | AH143: 0 | AI143: 0 | AJ143: 0 | AK143: 0 | AL143: 0 | AM143: 1 | AN143: 0 | AO143: 0 | AP143: 0 | AQ143: 0 | AR143: 0 | AS143: 0 | AT143: 0 | AU143: 0 | AV143: 0 | AW143: 0 | AX143: 0 | AY143: 0 | AZ143: 1 | BA143: 1 | BB143: 0 | BC143: 0 | BD143: 0 | BE143: 0 | BF143: 0 | BG143: 0 | BH143: 0 | BI143: 0 | BJ143: 0 | BK143: 0 | BL143: 1 | BM143: 0 | BN143: 0 | BO143: 0 | BP143: 0 | BQ143: 0 | BR143: 0 | BS143: 0 | BT143: 0 | BU143: 0 | BV143: 0 | BW143: 0 | BX143: 0 | BY143: 0 | BZ143: 0 | CA143: 0 | CB143: 0 | CC143: 0 | CD143: 0 | CE143: 0 | CF143: 0 | CG143: 0 | CH143: 0 | CI143: 0 | CJ143: 0 | CK143: 0 | CL143: 0 | CM143: 0 | CN143: 0 | CO143: 0 | CP143: 0 | CQ143: 0 | CR143: 0 | CS143: 0 | CT143: 0 | CU143: 0 | CV143: 0 | CW143: 0 | CX143: 0 | CY143: 0 | CZ143: 0
A144: 2 | B144: 3 | C144: 5 | D144: GL | E144: 1 | F144: 3 | G144: 3 | H144: 2 | I144: 1 | J144: 0 | K144: 0 | L144: 0 | M144: 0 | N144: 0 | O144: 0 | P144: 0 | Q144: 0 | R144: 0 | S144: 0 | T144: 1 | U144: 0 | V144: 0 | W144: 0 | X144: 0 | Y144: 0 | Z144: 0 | AA144: 0 | AB144: 0 | AC144: 0 | AD144: 0 | AE144: 0 | AF144: 0 | AG144: 0 | AH144: 1 | AI144: 0 | AJ144: 0 | AK144: 0 | AL144: 0 | AM144: 1 | AN144: 0 | AO144: 0 | AP144: 0 | AQ144: 0 | AR144: 0 | AS144: 0 | AT144: 0 | AU144: 0 | AV144: 0 | AW144: 0 | AX144: 0 | AY144: 0 | AZ144: 0 | BA144: 0 | BB144: 0 | BC144: 0 | BD144: 0 | BE144: 0 | BF144: 0 | BG144: 0 | BH144: 0 | BI144: 0 | BJ144: 0 | BK144: 0 | BL144: 0 | BM144: 0 | BN144: 0 | BO144: 0 | BP144: 0 | BQ144: 0 | BR144: 0 | BS144: 0 | BT144: 0 | BU144: 0 | BV144: 0 | BW144: 0 | BX144: 0 | BY144: 0 | BZ144: 0 | CA144: 0 | CB144: 0 | CC144: 0 | CD144: 0 | CE144: 0 | CF144: 0 | CG144: 0 | CH144: 0 | CI144: 0 | CJ144: 0 | CK144: 0 | CL144: 0 | CM144: 0 | CN144: 0 | CO144: 0 | CP144: 0 | CQ144: 0 | CR144: 0 | CS144: 0 | CT144: 0 | CU144: 0 | CV144: 0 | CW144: 0 | CX144: 0 | CY144: 0 | CZ144: 0
A145: 1 | B145: 1 | C145: 5 | D145: GL | E145: 1 | F145: 3 | G145: 3 | H145: 2 | I145: 1 | J145: 0 | K145: 0 | L145: 0 | M145: 0 | N145: 0 | O145: 0 | P145: 0 | Q145: 0 | R145: 0 | S145: 0 | T145: 0 | U145: 0 | V145: 0 | W145: 0 | X145: 0 | Y145: 0 | Z145: 0 | AA145: 0 | AB145: 0 | AC145: 0 | AD145: 0 | AE145: 0 | AF145: 0 | AG145: 0 | AH145: 0 | AI145: 0 | AJ145: 0 | AK145: 0 | AL145: 0 | AM145: 0 | AN145: 0 | AO145: 0 | AP145: 0 | AQ145: 0 | AR145: 0 | AS145: 0 | AT145: 0 | AU145: 0 | AV145: 0 | AW145: 0 | AX145: 0 | AY145: 0 | AZ145: 0 | BA145: 1 | BB145: 0 | BC145: 0 | BD145: 0 | BE145: 0 | BF145: 0 | BG145: 0 | BH145: 0 | BI145: 0 | BJ145: 0 | BK145: 0 | BL145: 0 | BM145: 0 | BN145: 0 | BO145: 0 | BP145: 0 | BQ145: 0 | BR145: 0 | BS145: 0 | BT145: 0 | BU145: 0 | BV145: 0 | BW145: 0 | BX145: 0 | BY145: 0 | BZ145: 0 | CA145: 0 | CB145: 0 | CC145: 0 | CD145: 0 | CE145: 0 | CF145: 1 | CG145: 0 | CH145: 0 | CI145: 0 | CJ145: 0 | CK145: 0 | CL145: 0 | CM145: 0 | CN145: 0 | CO145: 0 | CP145: 1 | CQ145: 0 | CR145: 0 | CS145: 0 | CT145: 0 | CU145: 0 | CV145: 0 | CW145: 0 | CX145: 0 | CY145: 0 | CZ145: 0
A146: 2 | B146: 1 | C146: 5 | D146: GL | E146: 1 | F146: 4 | G146: 5 | H146: 0 | I146: 4 | J146: 0 | K146: 0 | L146: 0 | M146: 2 | N146: 0 | O146: 0 | P146: 1 | Q146: 0 | R146: 0 | S146: 0 | T146: 0 | U146: 0 | V146: 0 | W146: 0 | X146: 0 | Y146: 0 | Z146: 0 | AA146: 0 | AB146: 0 | AC146: 0 | AD146: 0 | AE146: 0 | AF146: 0 | AG146: 0 | AH146: 0 | AI146: 0 | AJ146: 0 | AK146: 0 | AL146: 0 | AM146: 0 | AN146: 0 | AO146: 0 | AP146: 0 | AQ146: 0 | AR146: 0 | AS146: 0 | AT146: 0 | AU146: 0 | AV146: 0 | AW146: 0 | AX146: 0 | AY146: 0 | AZ146: 0 | BA146: 0 | BB146: 0 | BC146: 0 | BD146: 0 | BE146: 0 | BF146: 0 | BG146: 0 | BH146: 0 | BI146: 0 | BJ146: 0 | BK146: 0 | BL146: 0 | BM146: 0 | BN146: 0 | BO146: 0 | BP146: 0 | BQ146: 0 | BR146: 0 | BS146: 0 | BT146: 0 | BU146: 0 | BV146: 1 | BW146: 0 | BX146: 0 | BY146: 0 | BZ146: 0 | CA146: 0 | CB146: 0 | CC146: 0 | CD146: 0 | CE146: 0 | CF146: 0 | CG146: 0 | CH146: 0 | CI146: 0 | CJ146: 0 | CK146: 0 | CL146: 0 | CM146: 0 | CN146: 1 | CO146: 0 | CP146: 0 | CQ146: 0 | CR146: 0 | CS146: 0 | CT146: 0 | CU146: 0 | CV146: 0 | CW146: 0 | CX146: 0 | CY146: 0 | CZ146: 0
A147: Total | B147: Total | D147: GL1 | E147: GL1 | G147: =SUM(J147:CZ147) -> 18 | J147: =SUM(J142:J146) -> 0 | K147: =SUM(K142:K146) -> 0 | L147: =SUM(L142:L146) -> 0 | M147: =SUM(M142:M146) -> 2 | N147: =SUM(N142:N146) -> 0 | O147: =SUM(O142:O146) -> 0 | P147: =SUM(P142:P146) -> 1 | Q147: =SUM(Q142:Q146) -> 0 | ... CZ147: =SUM(CZ142:CZ146) -> 0
A156: 1 | B156: 1 | C156: 5 | D156: GL | E156: 4 | F156: 17 | G156: 40 | H156: 12 | I156: 22 | J156: 0 | K156: 0 | L156: 1 | M156: 0 | N156: 0 | O156: 0 | P156: 0 | Q156: 0 | R156: 0 | S156: 0 | T156: 1 | U156: 0 | V156: 0 | W156: 0 | X156: 0 | Y156: 0 | Z156: 0 | AA156: 0 | AB156: 1 | AC156: 0 | AD156: 0 | AE156: 0 | AF156: 0 | AG156: 3 | AH156: 0 | AI156: 0 | AJ156: 1 | AK156: 1 | AL156: 0 | AM156: 1 | AN156: 0 | AO156: 0 | AP156: 7 | AQ156: 0 | AR156: 0 | AS156: 1 | AT156: 1 | AU156: 0 | AV156: 0 | AW156: 0 | AX156: 0 | AY156: 0 | AZ156: 0 | BA156: 3 | BB156: 0 | BC156: 0 | BD156: 0 | BE156: 11 | BF156: 0 | BG156: 0 | BH156: 0 | BI156: 0 | BJ156: 0 | BK156: 0 | BL156: 0 | BM156: 0 | BN156: 3 | BO156: 1 | BP156: 0 | BQ156: 0 | BR156: 0 | BS156: 0 | BT156: 0 | BU156: 0 | BV156: 2 | BW156: 0 | BX156: 0 | BY156: 0 | BZ156: 0 | CA156: 0 | CB156: 0 | CC156: 0 | CD156: 0 | CE156: 0 | CF156: 0 | CG156: 0 | CH156: 0 | CI156: 0 | CJ156: 0 | CK156: 0 | CL156: 0 | CM156: 0 | CN156: 0 | CO156: 0 | CP156: 0 | CQ156: 0 | CR156: 0 | CS156: 0 | CT156: 0 | CU156: 0 | CV156: 1 | CW156: 0 | CX156: 1 | CY156: 0 | CZ156: 0
A157: 2 | B157: 1 | C157: 5 | D157: GL | E157: 4 | F157: 11 | G157: 27 | H157: 7 | I157: 18 | J157: 1 | K157: 0 | L157: 0 | M157: 0 | N157: 1 | O157: 0 | P157: 12 | Q157: 1 | R157: 0 | S157: 0 | T157: 1 | U157: 0 | V157: 0 | W157: 0 | X157: 0 | Y157: 0 | Z157: 0 | AA157: 0 | AB157: 0 | AC157: 0 | AD157: 0 | AE157: 0 | AF157: 0 | AG157: 0 | AH157: 0 | AI157: 0 | AJ157: 0 | AK157: 0 | AL157: 0 | AM157: 0 | AN157: 0 | AO157: 0 | AP157: 5 | AQ157: 0 | AR157: 0 | AS157: 0 | AT157: 1 | AU157: 0 | AV157: 0 | AW157: 0 | AX157: 0 | AY157: 0 | AZ157: 0 | BA157: 1 | BB157: 0 | BC157: 0 | BD157: 0 | BE157: 0 | BF157: 0 | BG157: 0 | BH157: 0 | BI157: 0 | BJ157: 0 | BK157: 0 | BL157: 0 | BM157: 0 | BN157: 1 | BO157: 0 | BP157: 0 | BQ157: 0 | BR157: 0 | BS157: 0 | BT157: 0 | BU157: 0 | BV157: 2 | BW157: 0 | BX157: 0 | BY157: 0 | BZ157: 0 | CA157: 0 | CB157: 0 | CC157: 0 | CD157: 0 | CE157: 0 | CF157: 0 | CG157: 0 | CH157: 0 | CI157: 0 | CJ157: 0 | CK157: 1 | CL157: 0 | CM157: 0 | CN157: 0 | CO157: 0 | CP157: 0 | CQ157: 0 | CR157: 0 | CS157: 0 | CT157: 0 | CU157: 0 | CV157: 0 | CW157: 0 | CX157: 0 | CY157: 0 | CZ157: 0
A158: 1 | B158: 2 | C158: 5 | D158: GL | E158: 4 | F158: 9 | G158: 13 | H158: 5 | I158: 8 | J158: 0 | K158: 0 | L158: 2 | M158: 0 | N158: 0 | O158: 0 | P158: 0 | Q158: 0 | R158: 0 | S158: 0 | T158: 1 | U158: 0 | V158: 0 | W158: 0 | X158: 0 | Y158: 0 | Z158: 0 | AA158: 0 | AB158: 0 | AC158: 0 | AD158: 0 | AE158: 0 | AF158: 0 | AG158: 1 | AH158: 1 | AI158: 0 | AJ158: 0 | AK158: 0 | AL158: 0 | AM158: 0 | AN158: 0 | AO158: 0 | AP158: 3 | AQ158: 0 | AR158: 0 | AS158: 0 | AT158: 0 | AU158: 0 | AV158: 0 | AW158: 0 | AX158: 0 | AY158: 0 | AZ158: 1 | BA158: 0 | BB158: 0 | BC158: 0 | BD158: 0 | BE158: 1 | BF158: 0 | BG158: 0 | BH158: 0 | BI158: 0 | BJ158: 0 | BK158: 0 | BL158: 0 | BM158: 0 | BN158: 0 | BO158: 0 | BP158: 0 | BQ158: 0 | BR158: 0 | BS158: 0 | BT158: 0 | BU158: 0 | BV158: 2 | BW158: 0 | BX158: 0 | BY158: 0 | BZ158: 0 | CA158: 0 | CB158: 0 | CC158: 0 | CD158: 0 | CE158: 0 | CF158: 1 | CG158: 0 | CH158: 0 | CI158: 0 | CJ158: 0 | CK158: 0 | CL158: 0 | CM158: 0 | CN158: 0 | CO158: 0 | CP158: 0 | CQ158: 0 | CR158: 0 | CS158: 0 | CT158: 0 | CU158: 0 | CV158: 0 | CW158: 0 | CX158: 0 | CY158: 0 | CZ158: 0
A159: 2 | B159: 2 | C159: 5 | D159: GL | E159: 4 | F159: 8 | G159: 22 | H159: 15 | I159: 6 | J159: 0 | K159: 0 | L159: 0 | M159: 0 | N159: 0 | O159: 0 | P159: 0 | Q159: 0 | R159: 0 | S159: 1 | T159: 0 | U159: 0 | V159: 0 | W159: 0 | X159: 0 | Y159: 0 | Z159: 0 | AA159: 0 | AB159: 0 | AC159: 1 | AD159: 0 | AE159: 0 | AF159: 0 | AG159: 2 | AH159: 0 | AI159: 0 | AJ159: 0 | AK159: 0 | AL159: 0 | AM159: 0 | AN159: 0 | AO159: 0 | AP159: 8 | AQ159: 1 | AR159: 0 | AS159: 0 | AT159: 4 | AU159: 0 | AV159: 0 | AW159: 0 | AX159: 0 | AY159: 0 | AZ159: 0 | BA159: 0 | BB159: 0 | BC159: 0 | BD159: 0 | BE159: 4 | BF159: 0 | BG159: 0 | BH159: 0 | BI159: 0 | BJ159: 0 | BK159: 0 | BL159: 0 | BM159: 0 | BN159: 0 | BO159: 0 | BP159: 0 | BQ159: 0 | BR159: 0 | BS159: 0 | BT159: 0 | BU159: 0 | BV159: 0 | BW159: 0 | BX159: 0 | BY159: 0 | BZ159: 0 | CA159: 0 | CB159: 0 | CC159: 0 | CD159: 0 | CE159: 0 | CF159: 1 | CG159: 0 | CH159: 0 | CI159: 0 | CJ159: 0 | CK159: 0 | CL159: 0 | CM159: 0 | CN159: 0 | CO159: 0 | CP159: 0 | CQ159: 0 | CR159: 0 | CS159: 0 | CT159: 0 | CU159: 0 | CV159: 0 | CW159: 0 | CX159: 0 | CY159: 0 | CZ159: 0
A160: 2 | B160: 3 | C160: 5 | D160: GL | E160: 4 | F160: 4 | G160: 5 | H160: 4 | I160: 1 | J160: 1 | K160: 0 | L160: 0 | M160: 0 | N160: 0 | O160: 0 | P160: 0 | Q160: 0 | R160: 0 | S160: 0 | T160: 0 | U160: 0 | V160: 0 | W160: 0 | X160: 0 | Y160: 0 | Z160: 0 | AA160: 0 | AB160: 0 | AC160: 0 | AD160: 0 | AE160: 0 | AF160: 0 | AG160: 0 | AH160: 0 | AI160: 0 | AJ160: 0 | AK160: 0 | AL160: 0 | AM160: 0 | AN160: 0 | AO160: 0 | AP160: 1 | AQ160: 0 | AR160: 1 | AS160: 0 | AT160: 0 | AU160: 0 | AV160: 0 | AW160: 0 | AX160: 0 | AY160: 0 | AZ160: 0 | BA160: 0 | BB160: 0 | BC160: 0 | BD160: 0 | BE160: 0 | BF160: 0 | BG160: 0 | BH160: 0 | BI160: 0 | BJ160: 0 | BK160: 0 | BL160: 0 | BM160: 0 | BN160: 0 | BO160: 0 | BP160: 0 | BQ160: 0 | BR160: 0 | BS160: 0 | BT160: 0 | BU160: 0 | BV160: 0 | BW160: 0 | BX160: 0 | BY160: 0 | BZ160: 0 | CA160: 0 | CB160: 0 | CC160: 0 | CD160: 0 | CE160: 0 | CF160: 2 | CG160: 0 | CH160: 0 | CI160: 0 | CJ160: 0 | CK160: 0 | CL160: 0 | CM160: 0 | CN160: 0 | CO160: 0 | CP160: 0 | CQ160: 0 | CR160: 0 | CS160: 0 | CT160: 0 | CU160: 0 | CV160: 0 | CW160: 0 | CX160: 0 | CY160: 0 | CZ160: 0
...

Sheet Bee Collections
A1: Year | B1: Season | C1: hood | D1: Neighborhood | E1: Treatment | F1: Bee Richness | G1: Bee Abundances | H1: Renter | I1: Miner | J1: Agapostemon.sericeus | K1: Agapostemon.texanus | L1: Agapostemon.virescens | M1: Andrena.alleghaniensis | N1: Andrena.commoda | O1: Andrena.miserabilis | P1: Andrena.nasonii | Q1: Andrena.vicina | R1: Andrena.wilkella | S1: Anthidium.manicatum | T1: Anthidium.oblongatum | U1: Anthophora.terminalis | V1: Apis.mellifera | W1: Augochlora.pura | X1: Augochlorella.aurata | Y1: Bombus.fervidus | Z1: Bombus.griseocolis | AA1: Bombus.impatiens | AB1: Calliopsis.andreniformis | AC1: Ceratina.calcarata | AD1: Ceratina.mikmaqi | AE1: Ceratina.spp | AF1: Chelostoma.philadelphi | AG1: Halictus.confusus | AH1: Halictus.ligatus | AI1: Halictus.rubicundus | AJ1: Heriades.carinatus | AK1: Hoclopasites.calliopsidis | AL1: Hoplitus.producta | AM1: Hylaeus.affinis/modestus | AN1: Hylaeus.annulatus | AO1: Hylaeus.fedorica | AP1: Hylaeus.hyalinatus | AQ1: Hylaeus.leptocephalus | AR1: Hylaeus.mesillae | AS1: Hylaeus.modestus | AT1: Hylaeus.pictipes | AU1: Lasioglossum.D.admirandum | AV1: Lasioglossum.D.bruneri | AW1: Lasioglossum.D.catallae | AX1: Lasioglossum.D.coeruleum | AY1: Lasioglossum.D.coriaceum | AZ1: Lasioglossum.D.ellisiae | BA1: Lasioglossum.D.ephialtum | BB1: Lasioglossum.D.gotham | BC1: Lasioglossum.D.hitchensii | BD1: Lasioglossum.D.illinoiensis | BE1: Lasioglossum.D.imitatum | BF1: Lasioglossum.D.laevissimum | BG1: Lasioglossum.D.leucocomum | BH1: Lasioglossum.D.leucocomum.or.pilosum | BI1: Lasioglossum.D.leucozonium | BJ1: Lasioglossum.D.lineatulum | BK1: Lasioglossum.D.michiganense | BL1: Lasioglossum.D.pilosum | BM1: Lasioglossum.D.smilacinae | BN1: Lasioglossum.D.spp | BO1: Lasioglossum.D.tegulare | BP1: Lasioglossum.D.tegulare.or.ellisiae | BQ1: Lasioglossum.D.versatum | BR1: Lasioglossum.D.weemsi | BS1: Lasioglossum.D.zephyrum | BT1: Lasioglossum.H.birkmanni | BU1: Lasioglossum.H.macoupinense | BV1: Lasioglossum.H.pectorale | BW1: Lasioglossum.H.spp | BX1: Megachile.brevis | BY1: Megachile.campanulae | BZ1: Megachile.centuncularis | CA1: Megachile.frigida | CB1: Megachile.mendica | CC1: Megachile.montivaga | CD1: Megachile.pugnata | CE1: Megachile.relativa | CF1: Megachile.rotundata | CG1: Megachile.texana | CH1: Mellisodes.bimaculata | CI1: Mellisodes.denticulata | CJ1: Mellisodes.subilliatus | CK1: Nomada.articulata | CL1: Nomada.bidente.grp | CM1: Nomada.denticulata | CN1: Nomada.maculata | CO1: Nomada.spp | CP1: Osmia.caerulescens | CQ1: Osmia.georgica | CR1: Osmia.pumila | CS1: Peponapis.pruinosa | CT1: Sphecodes.nr.banksi | CU1: Sphecodes.atlantis.or.cressonii | CV1: Sphecodes.coronus | CW1: Sphecodes.davisii | CX1: Sphecodes.nr.mandibularis | CY1: Sphecodes.prosphorus | CZ1: Triepeolus.lunatus
A2: 1 | B2: 1 | C2: 1 | D2: BU | E2: 1 | F2: 13 | G2: 25 | H2: 13 | I2: 9 | J2: 0 | K2: 0 | L2: 0 | M2: 0 | N2: 0 | O2: 0 | P2: 0 | Q2: 0 | R2: 0 | S2: 0 | T2: 2 | U2: 0 | V2: 0 | W2: 1 | X2: 0 | Y2: 0 | Z2: 0 | AA2: 0 | AB2: 1 | AC2: 2 | AD2: 0 | AE2: 0 | AF2: 0 | AG2: 2 | AH2: 0 | AI2: 0 | AJ2: 0 | AK2: 0 | AL2: 1 | AM2: 1 | AN2: 0 | AO2: 0 | AP2: 5 | AQ2: 0 | AR2: 0 | AS2: 0 | AT2: 0 | AU2: 0 | AV2: 0 | AW2: 0 | AX2: 0 | AY2: 0 | AZ2: 0 | BA2: 4 | BB2: 0 | BC2: 0 | BD2: 0 | BE2: 2 | BF2: 0 | BG2: 0 | BH2: 0 | BI2: 0 | BJ2: 0 | BK2: 0 | BL2: 0 | BM2: 0 | BN2: 0 | BO2: 0 | BP2: 0 | BQ2: 0 | BR2: 0 | BS2: 0 | BT2: 0 | BU2: 0 | BV2: 0 | BW2: 0 | BX2: 0 | BY2: 0 | BZ2: 0 | CA2: 0 | CB2: 0 | CC2: 0 | CD2: 0 | CE2: 1 | CF2: 2 | CG2: 0 | CH2: 0 | CI2: 0 | CJ2: 0 | CK2: 0 | CL2: 0 | CM2: 0 | CN2: 0 | CO2: 0 | CP2: 1 | CQ2: 0 | CR2: 0 | CS2: 0 | CT2: 0 | CU2: 0 | CV2: 0 | CW2: 0 | CX2: 0 | CY2: 0 | CZ2: 0
A3: 1 | B3: 2 | C3: 1 | D3: BU | E3: 1 | F3: 3 | G3: 3 | H3: 1 | I3: 2 | J3: 0 | K3: 0 | L3: 0 | M3: 0 | N3: 0 | O3: 0 | P3: 0 | Q3: 0 | R3: 0 | S3: 0 | T3: 0 | U3: 0 | V3: 0 | W3: 0 | X3: 0 | Y3: 0 | Z3: 0 | AA3: 0 | AB3: 0 | AC3: 0 | AD3: 0 | AE3: 0 | AF3: 0 | AG3: 1 | AH3: 0 | AI3: 0 | AJ3: 0 | AK3: 0 | AL3: 0 | AM3: 0 | AN3: 0 | AO3: 0 | AP3: 0 | AQ3: 0 | AR3: 0 | AS3: 0 | AT3: 0 | AU3: 0 | AV3: 0 | AW3: 0 | AX3: 0 | AY3: 0 | AZ3: 0 | BA3: 0 | BB3: 0 | BC3: 0 | BD3: 0 | BE3: 1 | BF3: 0 | BG3: 0 | BH3: 0 | BI3: 0 | BJ3: 0 | BK3: 0 | BL3: 0 | BM3: 0 | BN3: 0 | BO3: 0 | BP3: 0 | BQ3: 0 | BR3: 0 | BS3: 0 | BT3: 0 | BU3: 0 | BV3: 0 | BW3: 0 | BX3: 0 | BY3: 0 | BZ3: 0 | CA3: 0 | CB3: 0 | CC3: 0 | CD3: 0 | CE3: 0 | CF3: 1 | CG3: 0 | CH3: 0 | CI3: 0 | CJ3: 0 | CK3: 0 | CL3: 0 | CM3: 0 | CN3: 0 | CO3: 0 | CP3: 0 | CQ3: 0 | CR3: 0 | CS3: 0 | CT3: 0 | CU3: 0 | CV3: 0 | CW3: 0 | CX3: 0 | CY3: 0 | CZ3: 0
A4: 2 | B4: 1 | C4: 1 | D4: BU | E4: 1 | F4: 3 | G4: 4 | H4: 4 | I4: 0 | J4: 0 | K4: 0 | L4: 0 | M4: 0 | N4: 0 | O4: 0 | P4: 0 | Q4: 0 | R4: 0 | S4: 0 | T4: 0 | U4: 0 | V4: 0 | W4: 0 | X4: 0 | Y4: 0 | Z4: 0 | AA4: 0 | AB4: 0 | AC4: 0 | AD4: 0 | AE4: 0 | AF4: 0 | AG4: 0 | AH4: 0 | AI4: 0 | AJ4: 0 | AK4: 0 | AL4: 0 | AM4: 2 | AN4: 0 | AO4: 0 | AP4: 1 | AQ4: 0 | AR4: 0 | AS4: 0 | AT4: 0 | AU4: 0 | AV4: 0 | AW4: 0 | AX4: 0 | AY4: 0 | AZ4: 0 | BA4: 0 | BB4: 0 | BC4: 0 | BD4: 0 | BE4: 0 | BF4: 0 | BG4: 0 | BH4: 0 | BI4: 0 | BJ4: 0 | BK4: 0 | BL4: 0 | BM4: 0 | BN4: 0 | BO4: 0 | BP4: 0 | BQ4: 0 | BR4: 0 | BS4: 0 | BT4: 0 | BU4: 0 | BV4: 0 | BW4: 0 | BX4: 0 | BY4: 0 | BZ4: 0 | CA4: 1 | CB4: 0 | CC4: 0 | CD4: 0 | CE4: 0 | CF4: 0 | CG4: 0 | CH4: 0 | CI4: 0 | CJ4: 0 | CK4: 0 | CL4: 0 | CM4: 0 | CN4: 0 | CO4: 0 | CP4: 0 | CQ4: 0 | CR4: 0 | CS4: 0 | CT4: 0 | CU4: 0 | CV4: 0 | CW4: 0 | CX4: 0 | CY4: 0 | CZ4: 0
A5: 2 | B5: 2 | C5: 1 | D5: BU | E5: 1 | F5: 0 | G5: 0 | H5: 0 | I5: 0 | J5: 0 | K5: 0 | L5: 0 | M5: 0 | N5: 0 | O5: 0 | P5: 0 | Q5: 0 | R5: 0 | S5: 0 | T5: 0 | U5: 0 | V5: 0 | W5: 0 | X5: 0 | Y5: 0 | Z5: 0 | AA5: 0 | AB5: 0 | AC5: 0 | AD5: 0 | AE5: 0 | AF5: 0 | AG5: 0 | AH5: 0 | AI5: 0 | AJ5: 0 | AK5: 0 | AL5: 0 | AM5: 0 | AN5: 0 | AO5: 0 | AP5: 0 | AQ5: 0 | AR5: 0 | AS5: 0 | AT5: 0 | AU5: 0 | AV5: 0 | AW5: 0 | AX5: 0 | AY5: 0 | AZ5: 0 | BA5: 0 | BB5: 0 | BC5: 0 | BD5: 0 | BE5: 0 | BF5: 0 | BG5: 0 | BH5: 0 | BI5: 0 | BJ5: 0 | BK5: 0 | BL5: 0 | BM5: 0 | BN5: 0 | BO5: 0 | BP5: 0 | BQ5: 0 | BR5: 0 | BS5: 0 | BT5: 0 | BU5: 0 | BV5: 0 | BW5: 0 | BX5: 0 | BY5: 0 | BZ5: 0 | CA5: 0 | CB5: 0 | CC5: 0 | CD5: 0 | CE5: 0 | CF5: 0 | CG5: 0 | CH5: 0 | CI5: 0 | CJ5: 0 | CK5: 0 | CL5: 0 | CM5: 0 | CN5: 0 | CO5: 0 | CP5: 0 | CQ5: 0 | CR5: 0 | CS5: 0 | CT5: 0 | CU5: 0 | CV5: 0 | CW5: 0 | CX5: 0 | CY5: 0 | CZ5: 0
A6: 2 | B6: 3 | C6: 1 | D6: BU | E6: 1 | F6: 2 | G6: 2 | H6: 0 | I6: 1 | J6: 0 | K6: 0 | L6: 0 | M6: 0 | N6: 0 | O6: 0 | P6: 0 | Q6: 0 | R6: 0 | S6: 0 | T6: 0 | U6: 0 | V6: 0 | W6: 0 | X6: 0 | Y6: 0 | Z6: 0 | AA6: 0 | AB6: 0 | AC6: 1 | AD6: 0 | AE6: 0 | AF6: 0 | AG6: 1 | AH6: 0 | AI6: 0 | AJ6: 0 | AK6: 0 | AL6: 0 | AM6: 0 | AN6: 0 | AO6: 0 | AP6: 0 | AQ6: 0 | AR6: 0 | AS6: 0 | AT6: 0 | AU6: 0 | AV6: 0 | AW6: 0 | AX6: 0 | AY6: 0 | AZ6: 0 | BA6: 0 | BB6: 0 | BC6: 0 | BD6: 0 | BE6: 0 | BF6: 0 | BG6: 0 | BH6: 0 | BI6: 0 | BJ6: 0 | BK6: 0 | BL6: 0 | BM6: 0 | BN6: 0 | BO6: 0 | BP6: 0 | BQ6: 0 | BR6: 0 | BS6: 0 | BT6: 0 | BU6: 0 | BV6: 0 | BW6: 0 | BX6: 0 | BY6: 0 | BZ6: 0 | CA6: 0 | CB6: 0 | CC6: 0 | CD6: 0 | CE6: 0 | CF6: 0 | CG6: 0 | CH6: 0 | CI6: 0 | CJ6: 0 | CK6: 0 | CL6: 0 | CM6: 0 | CN6: 0 | CO6: 0 | CP6: 0 | CQ6: 0 | CR6: 0 | CS6: 0 | CT6: 0 | CU6: 0 | CV6: 0 | CW6: 0 | CX6: 0 | CY6: 0 | CZ6: 0
A7: 2 | B7: 2 | C7: 2 | D7: CE | E7: 1 | F7: 3 | G7: 6 | H7: 4 | I7: 2 | J7: 0 | K7: 0 | L7: 0 | M7: 0 | N7: 0 | O7: 0 | P7: 0 | Q7: 0 | R7: 0 | S7: 0 | T7: 0 | U7: 0 | V7: 0 | W7: 0 | X7: 0 | Y7: 0 | Z7: 0 | AA7: 0 | AB7: 0 | AC7: 0 | AD7: 0 | AE7: 0 | AF7: 0 | AG7: 0 | AH7: 0 | AI7: 0 | AJ7: 0 | AK7: 0 | AL7: 0 | AM7: 0 | AN7: 0 | AO7: 0 | AP7: 2 | AQ7: 0 | AR7: 0 | AS7: 0 | AT7: 0 | AU7: 0 | AV7: 0 | AW7: 0 | AX7: 0 | AY7: 0 | AZ7: 0 | BA7: 0 | BB7: 0 | BC7: 0 | BD7: 0 | BE7: 0 | BF7: 0 | BG7: 0 | BH7: 0 | BI7: 0 | BJ7: 0 | BK7: 0 | BL7: 2 | BM7: 0 | BN7: 0 | BO7: 0 | BP7: 0 | BQ7: 0 | BR7: 0 | BS7: 0 | BT7: 0 | BU7: 0 | BV7: 0 | BW7: 0 | BX7: 0 | BY7: 0 | BZ7: 0 | CA7: 0 | CB7: 0 | CC7: 0 | CD7: 0 | CE7: 0 | CF7: 0 | CG7: 0 | CH7: 0 | CI7: 0 | CJ7: 0 | CK7: 0 | CL7: 0 | CM7: 0 | CN7: 0 | CO7: 0 | CP7: 2 | CQ7: 0 | CR7: 0 | CS7: 0 | CT7: 0 | CU7: 0 | CV7: 0 | CW7: 0 | CX7: 0 | CY7: 0 | CZ7: 0
A8: 1 | B8: 2 | C8: 2 | D8: CE | E8: 1 | F8: 7 | G8: 9 | H8: 2 | I8: 7 | J8: 0 | K8: 0 | L8: 2 | M8: 0 | N8: 0 | O8: 0 | P8: 0 | Q8: 0 | R8: 0 | S8: 0 | T8: 0 | U8: 0 | V8: 0 | W8: 0 | X8: 0 | Y8: 1 | Z8: 0 | AA8: 0 | AB8: 0 | AC8: 0 | AD8: 0 | AE8: 0 | AF8: 0 | AG8: 0 | AH8: 2 | AI8: 0 | AJ8: 0 | AK8: 0 | AL8: 0 | AM8: 0 | AN8: 0 | AO8: 0 | AP8: 0 | AQ8: 0 | AR8: 0 | AS8: 0 | AT8: 0 | AU8: 0 | AV8: 1 | AW8: 0 | AX8: 0 | AY8: 0 | AZ8: 0 | BA8: 0 | BB8: 0 | BC8: 0 | BD8: 0 | BE8: 1 | BF8: 0 | BG8: 0 | BH8: 0 | BI8: 0 | BJ8: 0 | BK8: 0 | BL8: 0 | BM8: 0 | BN8: 0 | BO8: 0 | BP8: 0 | BQ8: 0 | BR8: 0 | BS8: 0 | BT8: 0 | BU8: 0 | BV8: 1 | BW8: 0 | BX8: 0 | BY8: 0 | BZ8: 0 | CA8: 0 | CB8: 1 | CC8: 0 | CD8: 0 | CE8: 0 | CF8: 0 | CG8: 0 | CH8: 0 | CI8: 0 | CJ8: 0 | CK8: 0 | CL8: 0 | CM8: 0 | CN8: 0 | CO8: 0 | CP8: 0 | CQ8: 0 | CR8: 0 | CS8: 0 | CT8: 0 | CU8: 0 | CV8: 0 | CW8: 0 | CX8: 0 | CY8: 0 | CZ8: 0
A9: 1 | B9: 1 | C9: 2 | D9: CE | E9: 1 | F9: 4 | G9: 6 | H9: 0 | I9: 6 | J9: 0 | K9: 0 | L9: 0 | M9: 0 | N9: 0 | O9: 0 | P9: 0 | Q9: 0 | R9: 2 | S9: 0 | T9: 0 | U9: 0 | V9: 0 | W9: 0 | X9: 0 | Y9: 0 | Z9: 0 | AA9: 0 | AB9: 0 | AC9: 0 | AD9: 0 | AE9: 0 | AF9: 0 | AG9: 0 | AH9: 0 | AI9: 0 | AJ9: 0 | AK9: 0 | AL9: 0 | AM9: 0 | AN9: 0 | AO9: 0 | AP9: 0 | AQ9: 0 | AR9: 0 | AS9: 0 | AT9: 0 | AU9: 0 | AV9: 0 | AW9: 0 | AX9: 0 | AY9: 0 | AZ9: 0 | BA9: 0 | BB9: 0 | BC9: 1 | BD9: 0 | BE9: 0 | BF9: 0 | BG9: 0 | BH9: 0 | BI9: 1 | BJ9: 0 | BK9: 0 | BL9: 2 | BM9: 0 | BN9: 0 | BO9: 0 | BP9: 0 | BQ9: 0 | BR9: 0 | BS9: 0 | BT9: 0 | BU9: 0 | BV9: 0 | BW9: 0 | BX9: 0 | BY9: 0 | BZ9: 0 | CA9: 0 | CB9: 0 | CC9: 0 | CD9: 0 | CE9: 0 | CF9: 0 | CG9: 0 | CH9: 0 | CI9: 0 | CJ9: 0 | CK9: 0 | CL9: 0 | CM9: 0 | CN9: 0 | CO9: 0 | CP9: 0 | CQ9: 0 | CR9: 0 | CS9: 0 | CT9: 0 | CU9: 0 | CV9: 0 | CW9: 0 | CX9: 0 | CY9: 0 | CZ9: 0
A10: 2 | B10: 1 | C10: 2 | D10: CE | E10: 1 | F10: 7 | G10: 7 | H10: 1 | I10: 5 | J10: 1 | K10: 0 | L10: 1 | M10: 1 | N10: 0 | O10: 1 | P10: 0 | Q10: 0 | R10: 0 | S10: 0 | T10: 0 | U10: 0 | V10: 1 | W10: 0 | X10: 0 | Y10: 0 | Z10: 0 | AA10: 0 | AB10: 0 | AC10: 0 | AD10: 0 | AE10: 0 | AF10: 0 | AG10: 0 | AH10: 0 | AI10: 0 | AJ10: 0 | AK10: 0 | AL10: 0 | AM10: 1 | AN10: 0 | AO10: 0 | AP10: 0 | AQ10: 0 | AR10: 0 | AS10: 0 | AT10: 0 | AU10: 0 | AV10: 0 | AW10: 0 | AX10: 0 | AY10: 0 | AZ10: 0 | BA10: 0 | BB10: 0 | BC10: 0 | BD10: 0 | BE10: 0 | BF10: 0 | BG10: 0 | BH10: 0 | BI10: 0 | BJ10: 0 | BK10: 0 | BL10: 0 | BM10: 0 | BN10: 0 | BO10: 0 | BP10: 0 | BQ10: 0 | BR10: 0 | BS10: 0 | BT10: 0 | BU10: 0 | BV10: 1 | BW10: 0 | BX10: 0 | BY10: 0 | BZ10: 0 | CA10: 0 | CB10: 0 | CC10: 0 | CD10: 0 | CE10: 0 | CF10: 0 | CG10: 0 | CH10: 0 | CI10: 0 | CJ10: 0 | CK10: 0 | CL10: 0 | CM10: 0 | CN10: 0 | CO10: 0 | CP10: 0 | CQ10: 0 | CR10: 0 | CS10: 0 | CT10: 0 | CU10: 0 | CV10: 0 | CW10: 0 | CX10: 0 | CY10: 0 | CZ10: 0
A11: 2 | B11: 3 | C11: 2 | D11: CE | E11: 1 | F11: 2 | G11: 2 | H11: 1 | I11: 1 | J11: 0 | K11: 0 | L11: 0 | M11: 0 | N11: 0 | O11: 0 | P11: 0 | Q11: 0 | R11: 0 | S11: 0 | T11: 0 | U11: 0 | V11: 0 | W11: 0 | X11: 0 | Y11: 0 | Z11: 0 | AA11: 0 | AB11: 0 | AC11: 0 | AD11: 0 | AE11: 0 | AF11: 0 | AG11: 0 | AH11: 0 | AI11: 0 | AJ11: 0 | AK11: 0 | AL11: 0 | AM11: 0 | AN11: 0 | AO11: 0 | AP11: 0 | AQ11: 0 | AR11: 0 | AS11: 0 | AT11: 0 | AU11: 0 | AV11: 1 | AW11: 0 | AX11: 0 | AY11: 0 | AZ11: 0 | BA11: 0 | BB11: 0 | BC11: 0 | BD11: 0 | BE11: 0 | BF11: 0 | BG11: 0 | BH11: 0 | BI11: 0 | BJ11: 0 | BK11: 0 | BL11: 0 | BM11: 0 | BN11: 0 | BO11: 0 | BP11: 0 | BQ11: 0 | BR11: 0 | BS11: 0 | BT11: 0 | BU11: 0 | BV11: 0 | BW11: 0 | BX11: 0 | BY11: 0 | BZ11: 0 | CA11: 0 | CB11: 0 | CC11: 0 | CD11: 0 | CE11: 0 | CF11: 1 | CG11: 0 | CH11: 0 | CI11: 0 | CJ11: 0 | CK11: 0 | CL11: 0 | CM11: 0 | CN11: 0 | CO11: 0 | CP11: 0 | CQ11: 0 | CR11: 0 | CS11: 0 | CT11: 0 | CU11: 0 | CV11: 0 | CW11: 0 | CX11: 0 | CY11: 0 | CZ11: 0
A12: 1 | B12: 2 | C12: 3 | D12: DS | E12: 1 | F12: 4 | G12: 6 | H12: 2 | I12: 3 | J12: 0 | K12: 0 | L12: 0 | M12: 0 | N12: 0 | O12: 0 | P12: 0 | Q12: 0 | R12: 0 | S12: 0 | T12: 0 | U12: 0 | V12: 0 | W12: 2 | X12: 0 | Y12: 0 | Z12: 0 | AA12: 0 | AB12: 0 | AC12: 0 | AD12: 0 | AE12: 0 | AF12: 0 | AG12: 0 | AH12: 1 | AI12: 0 | AJ12: 0 | AK12: 0 | AL12: 0 | AM12: 0 | AN12: 0 | AO12: 0 | AP12: 0 | AQ12: 0 | AR12: 0 | AS12: 0 | AT12: 0 | AU12: 0 | AV12: 0 | AW12: 0 | AX12: 0 | AY12: 0 | AZ12: 0 | BA12: 0 | BB12: 0 | BC12: 0 | BD12: 0 | BE12: 2 | BF12: 0 | BG12: 0 | BH12: 0 | BI12: 0 | BJ12: 0 | BK12: 0 | BL12: 0 | BM12: 0 | BN12: 1 | BO12: 0 | BP12: 0 | BQ12: 0 | BR12: 0 | BS12: 0 | BT12: 0 | BU12: 0 | BV12: 0 | BW12: 0 | BX12: 0 | BY12: 0 | BZ12: 0 | CA12: 0 | CB12: 0 | CC12: 0 | CD12: 0 | CE12: 0 | CF12: 0 | CG12: 0 | CH12: 0 | CI12: 0 | CJ12: 0 | CK12: 0 | CL12: 0 | CM12: 0 | CN12: 0 | CO12: 0 | CP12: 0 | CQ12: 0 | CR12: 0 | CS12: 0 | CT12: 0 | CU12: 0 | CV12: 0 | CW12: 0 | CX12: 0 | CY12: 0 | CZ12: 0
A13: 2 | B13: 2 | C13: 3 | D13: DS | E13: 1 | F13: 4 | G13: 6 | H13: 0 | I13: 5 | J13: 0 | K13: 0 | L13: 0 | M13: 0 | N13: 0 | O13: 0 | P13: 0 | Q13: 0 | R13: 0 | S13: 0 | T13: 0 | U13: 0 | V13: 1 | W13: 0 | X13: 0 | Y13: 0 | Z13: 0 | AA13: 0 | AB13: 0 | AC13: 0 | AD13: 0 | AE13: 0 | AF13: 0 | AG13: 1 | AH13: 0 | AI13: 0 | AJ13: 0 | AK13: 0 | AL13: 0 | AM13: 0 | AN13: 0 | AO13: 0 | AP13: 0 | AQ13: 0 | AR13: 0 | AS13: 0 | AT13: 0 | AU13: 0 | AV13: 0 | AW13: 0 | AX13: 0 | AY13: 0 | AZ13: 0 | BA13: 3 | BB13: 0 | BC13: 0 | BD13: 0 | BE13: 1 | BF13: 0 | BG13: 0 | BH13: 0 | BI13: 0 | BJ13: 0 | BK13: 0 | BL13: 0 | BM13: 0 | BN13: 0 | BO13: 0 | BP13: 0 | BQ13: 0 | BR13: 0 | BS13: 0 | BT13: 0 | BU13: 0 | BV13: 0 | BW13: 0 | BX13: 0 | BY13: 0 | BZ13: 0 | CA13: 0 | CB13: 0 | CC13: 0 | CD13: 0 | CE13: 0 | CF13: 0 | CG13: 0 | CH13: 0 | CI13: 0 | CJ13: 0 | CK13: 0 | CL13: 0 | CM13: 0 | CN13: 0 | CO13: 0 | CP13: 0 | CQ13: 0 | CR13: 0 | CS13: 0 | CT13: 0 | CU13: 0 | CV13: 0 | CW13: 0 | CX13: 0 | CY13: 0 | CZ13: 0
